id,market,email,first_name,last_name,city,created_at,acquisition_channel
cust-at-000001,at,eduard.steinberger.cust-at-000001@example.test,Eduard,Steinberger,Saalfelden am Steinernen Meer,2024-01-10T20:02:03.279304Z,meta
cust-at-000002,at,aylin.kloiber.cust-at-000002@example.test,Aylin,Kloiber,Schwechat,2024-01-22T11:35:21.855087Z,email
cust-at-000003,at,berra.bhler.cust-at-000003@example.test,Berra,Böhler,Spittal an der Drau,2024-02-28T12:18:13.688382Z,google
cust-at-000004,at,iris.kraft.cust-at-000004@example.test,Iris,Kraft,Bregenz,2024-03-31T19:07:26.904851Z,meta
cust-at-000005,at,antonius.rudolf.cust-at-000005@example.test,Antonius,Rudolf,Maissau,2024-04-06T10:11:15.724716Z,meta
cust-at-000006,at,stephan.neumayer.cust-at-000006@example.test,Stephan,Neumayer,Rottenmann,2024-04-14T11:56:26.329687Z,email
cust-at-000007,at,zoey.maringer.cust-at-000007@example.test,Zoey,Maringer,Bleiburg,2024-04-14T18:48:07.950978Z,meta
cust-at-000008,at,clarissa.wild.cust-at-000008@example.test,Clarissa,Wild,Gloggnitz,2024-04-20T15:27:50.645977Z,google
cust-at-000009,at,laura.forstner.cust-at-000009@example.test,Laura,Forstner,Liezen,2024-04-23T12:22:09.172318Z,meta
cust-at-000010,at,frederik.handler.cust-at-000010@example.test,Frederik,Handler,Bad Radkersburg,2024-04-29T21:06:42.564135Z,direct
cust-at-000011,at,yvonne.achleitner.cust-at-000011@example.test,Yvonne,Achleitner,Allentsteig,2024-05-02T11:43:15.120160Z,email
cust-at-000012,at,antonio.pschl.cust-at-000012@example.test,Antonio,Pöschl,Zell am See,2024-05-04T17:07:46.447579Z,direct
cust-at-000013,at,klara.artner.cust-at-000013@example.test,Klara,Artner,Gerasdorf bei Wien,2024-05-11T19:25:07.196626Z,organic
cust-at-000014,at,konstantin.buchberger.cust-at-000014@example.test,Konstantin,Buchberger,Rohrbach in Oberösterreich,2024-05-16T09:25:34.990408Z,meta
cust-at-000015,at,valentino.steinbauer.cust-at-000015@example.test,Valentino,Steinbauer,Gleisdorf,2024-05-16T11:23:12.821326Z,organic
cust-at-000016,at,georg.kober.cust-at-000016@example.test,Georg,Kober,Sankt Valentin,2024-05-18T19:09:18.535823Z,meta
cust-at-000017,at,anna.gruber.cust-at-000017@example.test,Anna,Gruber,Zeltweg,2024-05-19T12:36:52.171256Z,google
cust-at-000018,at,alma.varga.cust-at-000018@example.test,Alma,Varga,Gloggnitz,2024-05-29T18:08:34.263193Z,meta
cust-at-000019,at,luca.stangl.cust-at-000019@example.test,Luca,Stangl,Attnang-Puchheim,2024-05-30T10:19:58.049276Z,email
cust-at-000020,at,marijana.schnberger.cust-at-000020@example.test,Marijana,Schönberger,Schrattenthal,2024-06-06T16:05:38.941259Z,meta
cust-at-000021,at,irma.stelzer.cust-at-000021@example.test,Irma,Stelzer,Stadtschlaining,2024-06-09T04:21:07.064919Z,meta
cust-at-000022,at,liam.rottensteiner.cust-at-000022@example.test,Liam,Rottensteiner,Marchegg,2024-06-09T15:49:56.714136Z,organic
cust-at-000023,at,lea.holzknecht.cust-at-000023@example.test,Lea,Holzknecht,Zistersdorf,2024-06-11T11:28:24.937525Z,email
cust-at-000024,at,armin.reif.cust-at-000024@example.test,Armin,Reif,Neunkirchen,2024-06-11T11:52:05.957409Z,direct
cust-at-000025,at,berra.buchinger.cust-at-000025@example.test,Berra,Buchinger,Eferding,2024-06-13T15:31:20.967708Z,meta
cust-at-000026,at,alena.heim.cust-at-000026@example.test,Alena,Heim,Jennersdorf,2024-06-27T17:34:17.918835Z,email
cust-at-000027,at,emanuel.kral.cust-at-000027@example.test,Emanuel,Kral,Feldkirch,2024-06-28T14:47:11.896122Z,google
cust-at-000028,at,pauline.leopold.cust-at-000028@example.test,Pauline,Leopold,Traun,2024-07-01T07:31:13.012974Z,google
cust-at-000029,at,carla.fasching.cust-at-000029@example.test,Carla,Fasching,Peuerbach,2024-07-18T09:11:03.446025Z,google
cust-at-000030,at,martha.maier.cust-at-000030@example.test,Martha,Maier,Laa an der Thaya,2024-07-25T15:50:11.678422Z,google
cust-at-000031,at,emil.sieber.cust-at-000031@example.test,Emil,Sieber,Attnang-Puchheim,2024-08-02T07:36:58.913061Z,organic
cust-at-000032,at,patricia.bhler.cust-at-000032@example.test,Patricia,Böhler,Gallneukirchen,2024-08-10T19:21:35.288666Z,meta
cust-at-000033,at,claudia.eichberger.cust-at-000033@example.test,Claudia,Eichberger,Amstetten,2024-08-16T18:08:54.394516Z,organic
cust-at-000034,at,lydia.dirnberger.cust-at-000034@example.test,Lydia,Dirnberger,Trofaiach,2024-08-30T13:43:20.336810Z,meta
cust-at-000035,at,jacob.edlinger.cust-at-000035@example.test,Jacob,Edlinger,Radenthein,2024-09-02T16:51:26.109127Z,email
cust-at-000036,at,karina.mayer.cust-at-000036@example.test,Karina,Mayer,Bad Hall,2024-09-06T16:13:55.639094Z,email
cust-at-000037,at,leonard.spindler.cust-at-000037@example.test,Leonard,Spindler,Judenburg,2024-09-09T11:01:43.832052Z,meta
cust-at-000038,at,maryam.widhalm.cust-at-000038@example.test,Maryam,Widhalm,Litschau,2024-09-15T17:49:44.424550Z,google
cust-at-000039,at,ronja.eder.cust-at-000039@example.test,Ronja,Eder,Ebenfurth,2024-09-19T13:15:06.178011Z,meta
cust-at-000040,at,philippa.farkas.cust-at-000040@example.test,Philippa,Farkas,Neunkirchen,2024-09-21T12:01:26.681539Z,meta
cust-at-000041,at,christina.dangl.cust-at-000041@example.test,Christina,Dangl,Oberpullendorf,2024-10-09T10:09:20.350617Z,google
cust-at-000042,at,lennard.seifert.cust-at-000042@example.test,Lennard,Seifert,Mattighofen,2024-10-16T11:29:37.726685Z,google
cust-at-000043,at,friedrich.hufnagl.cust-at-000043@example.test,Friedrich,Hufnagl,Maissau,2024-11-06T18:13:35.819815Z,email
cust-at-000044,at,leopold.amon.cust-at-000044@example.test,Leopold,Amon,Grein,2024-11-25T18:30:26.363832Z,meta
cust-at-000045,at,natan.wenzl.cust-at-000045@example.test,Natan,Wenzl,Traiskirchen,2024-11-26T21:27:25.701132Z,meta
cust-at-000046,at,nils.bartl.cust-at-000046@example.test,Nils,Bartl,Leoben,2024-11-30T20:05:13.380665Z,meta
cust-at-000047,at,nika.koppensteiner.cust-at-000047@example.test,Nika,Koppensteiner,Attnang-Puchheim,2024-12-23T15:54:30.516150Z,google
cust-de-000001,de,sylvana.liebelt.cust-de-000001@example.test,Sylvana,Liebelt,Schongau,2024-01-01T11:35:52.471270Z,direct
cust-de-000002,de,juri.heinrich.cust-de-000002@example.test,Juri,Heinrich,Badalzungen,2024-01-13T20:22:42.225691Z,google
cust-de-000003,de,wulf.hertrampf.cust-de-000003@example.test,Wulf,Hertrampf,Niesky,2024-01-18T18:18:50.977109Z,meta
cust-de-000004,de,ljudmila.wieloch.cust-de-000004@example.test,Ljudmila,Wieloch,Soest,2024-01-19T19:49:56.370002Z,meta
cust-de-000005,de,sandor.jacobi.jckel.cust-de-000005@example.test,Sandor,Jacobi Jäckel,Luckau,2024-01-21T10:18:53.576017Z,google
cust-de-000006,de,angela.radisch.cust-de-000006@example.test,Angela,Radisch,Sangerhausen,2024-01-22T19:40:44.386921Z,organic
cust-de-000007,de,tanja.kraus.cust-de-000007@example.test,Tanja,Kraus,Ueckermünde,2024-01-25T07:13:35.326193Z,meta
cust-de-000008,de,rolf.matthi.cust-de-000008@example.test,Rolf,Matthäi,Donaueschingen,2024-01-26T10:00:00.010855Z,email
cust-de-000009,de,albin.putz.cust-de-000009@example.test,Albin,Putz,Tuttlingen,2024-01-26T18:44:29.050336Z,meta
cust-de-000010,de,gilda.mans.cust-de-000010@example.test,Gilda,Mans,Badalzungen,2024-01-31T20:19:01.030875Z,organic
cust-de-000011,de,heidelore.trst.cust-de-000011@example.test,Heidelore,Tröst,Genthin,2024-02-01T17:35:23.156526Z,meta
cust-de-000012,de,murat.schwital.cust-de-000012@example.test,Murat,Schwital,Hammelburg,2024-02-02T20:01:36.456258Z,meta
cust-de-000013,de,eva.gerlach.cust-de-000013@example.test,Eva,Gerlach,Germersheim,2024-02-06T16:44:54.187251Z,email
cust-de-000014,de,meinhard.stolze.cust-de-000014@example.test,Meinhard,Stolze,Ansbach,2024-02-07T12:04:55.035742Z,email
cust-de-000015,de,ilhan.heidrich.cust-de-000015@example.test,Ilhan,Heidrich,Füssen,2024-02-14T07:33:48.530452Z,meta
cust-de-000016,de,kuno.kroker.cust-de-000016@example.test,Kuno,Kroker,Senftenberg,2024-02-16T10:48:52.777413Z,google
cust-de-000017,de,ludger.oderwald.cust-de-000017@example.test,Ludger,Oderwald,Schmölln,2024-02-26T19:04:52.311843Z,google
cust-de-000018,de,ira.hermann.cust-de-000018@example.test,Ira,Hermann,Starnberg,2024-02-28T16:15:54.956391Z,meta
cust-de-000019,de,birgitt.hahn.cust-de-000019@example.test,Birgitt,Hahn,Fürstenwalde,2024-03-01T12:32:20.341403Z,meta
cust-de-000020,de,adelbert.rosenow.cust-de-000020@example.test,Adelbert,Rosenow,Sankt Goar,2024-03-03T14:22:11.777112Z,google
cust-de-000021,de,thoralf.butte.cust-de-000021@example.test,Thoralf,Butte,Berchtesgaden,2024-03-03T16:03:00.301728Z,google
cust-de-000022,de,lidia.becker.cust-de-000022@example.test,Lidia,Becker,Eckernförde,2024-03-04T17:26:06.395937Z,meta
cust-de-000023,de,knud.dring.cust-de-000023@example.test,Knud,Döring,Flöha,2024-03-07T13:52:15.002257Z,meta
cust-de-000024,de,carina.hering.cust-de-000024@example.test,Carina,Hering,Bad Mergentheim,2024-03-08T17:47:00.488789Z,email
cust-de-000025,de,lilly.patberg.cust-de-000025@example.test,Lilly,Patberg,Haldensleben,2024-03-10T14:05:22.361761Z,meta
cust-de-000026,de,heinz.otto.hesse.cust-de-000026@example.test,Heinz-Otto,Hesse,Döbeln,2024-03-13T08:11:23.304804Z,organic
cust-de-000027,de,hans.peter.fechner.cust-de-000027@example.test,Hans-Peter,Fechner,Biedenkopf,2024-03-14T07:00:24.960915Z,meta
cust-de-000028,de,stanislaw.bolzmann.cust-de-000028@example.test,Stanislaw,Bolzmann,Jülich,2024-03-14T17:57:46.837399Z,meta
cust-de-000029,de,jolanda.hrle.cust-de-000029@example.test,Jolanda,Hörle,Kehl,2024-03-15T19:05:03.498973Z,google
cust-de-000030,de,ildiko.matthi.cust-de-000030@example.test,Ildiko,Matthäi,Bergzabern,2024-03-18T18:11:23.747174Z,google
cust-de-000031,de,elwira.etzold.cust-de-000031@example.test,Elwira,Etzold,Ansbach,2024-03-19T17:06:40.954798Z,google
cust-de-000032,de,erna.bohnbach.cust-de-000032@example.test,Erna,Bohnbach,Meißen,2024-03-24T09:59:46.297516Z,organic
cust-de-000033,de,lieselotte.suberlich.cust-de-000033@example.test,Lieselotte,Säuberlich,Bernburg,2024-03-26T06:39:59.780643Z,meta
cust-de-000034,de,cecilia.weimer.cust-de-000034@example.test,Cecilia,Weimer,Geithain,2024-03-26T15:59:17.697394Z,google
cust-de-000035,de,britta.hoffmann.cust-de-000035@example.test,Britta,Hoffmann,Bremen,2024-03-28T20:51:01.132266Z,google
cust-de-000036,de,marcel.thanel.cust-de-000036@example.test,Marcel,Thanel,Bad Freienwalde,2024-03-29T16:56:52.289262Z,google
cust-de-000037,de,robin.hering.cust-de-000037@example.test,Robin,Hering,Greiz,2024-03-29T18:42:21.391567Z,organic
cust-de-000038,de,gereon.schomber.cust-de-000038@example.test,Gereon,Schomber,Magdeburg,2024-04-02T03:18:44.313643Z,organic
cust-de-000039,de,hans.jrgen.hofmann.cust-de-000039@example.test,Hans Jürgen,Hofmann,Anklam,2024-04-02T15:15:34.211761Z,google
cust-de-000040,de,greta.slzer.cust-de-000040@example.test,Greta,Sölzer,Donaueschingen,2024-04-02T17:44:54.664868Z,direct
cust-de-000041,de,hubertus.neureuther.cust-de-000041@example.test,Hubertus,Neureuther,Sternberg,2024-04-02T18:29:40.279636Z,direct
cust-de-000042,de,nadja.mangold.cust-de-000042@example.test,Nadja,Mangold,Wittenberg,2024-04-04T06:47:57.887159Z,meta
cust-de-000043,de,hansjrgen.barth.cust-de-000043@example.test,Hansjürgen,Barth,Dessau,2024-04-04T07:21:30.923727Z,meta
cust-de-000044,de,thekla.mlzer.cust-de-000044@example.test,Thekla,Mälzer,Haldensleben,2024-04-04T19:28:09.207232Z,organic
cust-de-000045,de,juri.zirme.cust-de-000045@example.test,Juri,Zirme,Wolfratshausen,2024-04-05T07:15:58.303245Z,organic
cust-de-000046,de,attila.nerger.cust-de-000046@example.test,Attila,Nerger,Hohenmölsen,2024-04-06T18:16:25.499999Z,direct
cust-de-000047,de,giovanni.mies.cust-de-000047@example.test,Giovanni,Mies,Werdau,2024-04-08T14:45:31.693431Z,organic
cust-de-000048,de,polina.slzer.cust-de-000048@example.test,Polina,Sölzer,Ebersberg,2024-04-11T09:36:14.152725Z,google
cust-de-000049,de,sylwia.aumann.cust-de-000049@example.test,Sylwia,Aumann,Warendorf,2024-04-11T15:42:38.665896Z,email
cust-de-000050,de,hanspeter.weinhold.cust-de-000050@example.test,Hanspeter,Weinhold,Grimmen,2024-04-12T13:55:17.431933Z,google
cust-de-000051,de,ina.biggen.cust-de-000051@example.test,Ina,Biggen,Sigmaringen,2024-04-13T05:47:02.065278Z,google
cust-de-000052,de,therese.briemer.cust-de-000052@example.test,Therese,Briemer,Bayreuth,2024-04-16T13:11:17.975452Z,email
cust-de-000053,de,krystyna.drr.cust-de-000053@example.test,Krystyna,Dörr,Fürstenfeldbruck,2024-04-16T16:27:37.015910Z,meta
cust-de-000054,de,gudrun.schleich.cust-de-000054@example.test,Gudrun,Schleich,Pößneck,2024-04-16T17:30:34.519629Z,meta
cust-de-000055,de,alwin.eberth.cust-de-000055@example.test,Alwin,Eberth,Angermünde,2024-04-17T17:47:20.718769Z,meta
cust-de-000056,de,loretta.nette.cust-de-000056@example.test,Loretta,Nette,Bogen,2024-04-19T19:01:51.797057Z,google
cust-de-000057,de,ilse.lorch.cust-de-000057@example.test,Ilse,Lorch,Strasburg,2024-04-21T18:32:57.214803Z,meta
cust-de-000058,de,bastian.wende.cust-de-000058@example.test,Bastian,Wende,Hofgeismar,2024-04-22T12:40:51.670602Z,google
cust-de-000059,de,christel.lindner.cust-de-000059@example.test,Christel,Lindner,Aschaffenburg,2024-04-22T13:54:23.911772Z,meta
cust-de-000060,de,athanasios.hertrampf.cust-de-000060@example.test,Athanasios,Hertrampf,Soltau,2024-04-22T15:16:15.845949Z,google
cust-de-000061,de,ian.hermann.cust-de-000061@example.test,Ian,Hermann,Bamberg,2024-04-23T13:48:24.401051Z,meta
cust-de-000062,de,helmar.kambs.cust-de-000062@example.test,Helmar,Kambs,Grimma,2024-04-24T16:54:42.883334Z,organic
cust-de-000063,de,jaroslav.harloff.cust-de-000063@example.test,Jaroslav,Harloff,Osterode am Harz,2024-04-25T08:14:48.410534Z,google
cust-de-000064,de,karl.otto.koch.ii.cust-de-000064@example.test,Karl-Otto,Koch II,Rothenburg ob der Tauber,2024-04-25T18:37:33.660627Z,meta
cust-de-000065,de,heinz.jrgen.rdel.cust-de-000065@example.test,Heinz-Jürgen,Rädel,Lichtenfels,2024-04-26T12:48:38.445764Z,meta
cust-de-000066,de,hans.friedrich.scholl.cust-de-000066@example.test,Hans-Friedrich,Scholl,Mühldorf am Inn,2024-04-29T16:31:37.219973Z,google
cust-de-000067,de,imke.nohlmans.cust-de-000067@example.test,Imke,Nohlmans,Staßfurt,2024-05-01T15:48:10.105227Z,direct
cust-de-000068,de,nicole.hornig.cust-de-000068@example.test,Nicole,Hornig,Hainichen,2024-05-01T15:59:56.848233Z,direct
cust-de-000069,de,kerstin.junck.cust-de-000069@example.test,Kerstin,Junck,Bremervörde,2024-05-04T16:29:02.347710Z,meta
cust-de-000070,de,henning.meister.cust-de-000070@example.test,Henning,Meister,Kitzingen,2024-05-05T08:47:36.921971Z,meta
cust-de-000071,de,alwina.binner.cust-de-000071@example.test,Alwina,Binner,Dinslaken,2024-05-06T06:42:07.668618Z,organic
cust-de-000072,de,inka.lwer.cust-de-000072@example.test,Inka,Löwer,Eckernförde,2024-05-08T17:58:22.763490Z,organic
cust-de-000073,de,margaretha.auch.schlauchin.cust-de-000073@example.test,Margaretha,auch Schlauchin,Lüdinghausen,2024-05-09T13:01:03.607663Z,meta
cust-de-000074,de,geert.seip.cust-de-000074@example.test,Geert,Seip,Lübeck,2024-05-10T09:46:53.449827Z,email
cust-de-000075,de,gesche.geisel.cust-de-000075@example.test,Gesche,Geisel,Wolfratshausen,2024-05-11T09:38:23.486314Z,meta
cust-de-000076,de,silvana.mlichen.cust-de-000076@example.test,Silvana,Mülichen,Stadtsteinach,2024-05-11T13:14:12.956960Z,direct
cust-de-000077,de,ingmar.bachmann.cust-de-000077@example.test,Ingmar,Bachmann,Passau,2024-05-11T19:59:25.621662Z,meta
cust-de-000078,de,meryem.weinhage.cust-de-000078@example.test,Meryem,Weinhage,Viechtach,2024-05-13T18:19:51.159421Z,google
cust-de-000079,de,therese.khnert.cust-de-000079@example.test,Therese,Kühnert,Belzig,2024-05-14T15:26:37.982069Z,google
cust-de-000080,de,eckart.lange.cust-de-000080@example.test,Eckart,Lange,Lübben,2024-05-14T15:50:23.977742Z,meta
cust-de-000081,de,anica.dowerg.cust-de-000081@example.test,Anica,Dowerg,Hettstedt,2024-05-14T18:09:20.400210Z,organic
cust-de-000082,de,veronica.heinz.cust-de-000082@example.test,Veronica,Heinz,Meißen,2024-05-15T17:29:06.544507Z,direct
cust-de-000083,de,sibel.schmidt.cust-de-000083@example.test,Sibel,Schmidt,Oschatz,2024-05-16T09:52:22.895316Z,meta
cust-de-000084,de,leif.junck.cust-de-000084@example.test,Leif,Junck,Rathenow,2024-05-16T10:38:16.568217Z,meta
cust-de-000085,de,diether.fritsch.cust-de-000085@example.test,Diether,Fritsch,Schrobenhausen,2024-05-20T09:33:29.264521Z,google
cust-de-000086,de,eckhardt.stolze.cust-de-000086@example.test,Eckhardt,Stolze,Hettstedt,2024-05-20T16:04:25.386483Z,meta
cust-de-000087,de,ingetraut.speer.cust-de-000087@example.test,Ingetraut,Speer,Roding,2024-05-21T10:07:10.640676Z,direct
cust-de-000088,de,otfried.kensy.cust-de-000088@example.test,Otfried,Kensy,Vilsbiburg,2024-05-21T17:09:21.265923Z,direct
cust-de-000089,de,reiner.birnbaum.cust-de-000089@example.test,Reiner,Birnbaum,Kemnath,2024-05-23T14:40:13.536674Z,meta
cust-de-000090,de,magret.radisch.cust-de-000090@example.test,Magret,Radisch,Mühlhausen,2024-05-23T17:55:46.506718Z,google
cust-de-000091,de,lilly.steuer.cust-de-000091@example.test,Lilly,Steuer,Weißwasser,2024-05-25T12:47:31.217901Z,direct
cust-de-000092,de,abraham.junitz.cust-de-000092@example.test,Abraham,Junitz,Weimar,2024-05-25T17:52:38.293280Z,meta
cust-de-000093,de,melissa.henck.cust-de-000093@example.test,Melissa,Henck,Passau,2024-05-26T18:33:25.993653Z,meta
cust-de-000094,de,hajo.wernecke.cust-de-000094@example.test,Hajo,Wernecke,Kassel,2024-05-27T17:53:23.763430Z,organic
cust-de-000095,de,lieselotte.jntsch.cust-de-000095@example.test,Lieselotte,Jäntsch,Sebnitz,2024-05-28T09:17:02.889173Z,google
cust-de-000096,de,otfried.schleich.cust-de-000096@example.test,Otfried,Schleich,Kronach,2024-05-28T17:01:58.053254Z,organic
cust-de-000097,de,laila.stoll.cust-de-000097@example.test,Laila,Stoll,Neustadtner Waldnaab,2024-05-28T18:58:34.323127Z,organic
cust-de-000098,de,jeannette.striebitz.cust-de-000098@example.test,Jeannette,Striebitz,Bitterfeld,2024-06-01T14:04:43.356809Z,google
cust-de-000099,de,sybille.tlustek.cust-de-000099@example.test,Sybille,Tlustek,Hechingen,2024-06-01T17:04:31.077500Z,meta
cust-de-000100,de,ingrid.hbel.cust-de-000100@example.test,Ingrid,Hübel,Dinkelsbühl,2024-06-05T10:51:36.364788Z,organic
cust-de-000101,de,mechthild.salz.cust-de-000101@example.test,Mechthild,Salz,Bad Langensalza,2024-06-05T15:38:44.027000Z,google
cust-de-000102,de,ramazan.bruder.cust-de-000102@example.test,Ramazan,Bruder,Nördlingen,2024-06-06T03:16:33.471410Z,meta
cust-de-000103,de,fabienne.kroker.cust-de-000103@example.test,Fabienne,Kroker,Merseburg,2024-06-07T11:20:39.470919Z,meta
cust-de-000104,de,raik.kruschwitz.cust-de-000104@example.test,Raik,Kruschwitz,Bremen,2024-06-07T13:29:57.072003Z,meta
cust-de-000105,de,hendrik.sontag.cust-de-000105@example.test,Hendrik,Sontag,Griesbach Rottal,2024-06-07T20:07:05.688887Z,organic
cust-de-000106,de,helmuth.bhr.cust-de-000106@example.test,Helmuth,Bähr,Pirmasens,2024-06-08T08:28:20.735141Z,google
cust-de-000107,de,kathi.hermighausen.cust-de-000107@example.test,Kathi,Hermighausen,Amberg,2024-06-08T18:21:18.433234Z,organic
cust-de-000108,de,leszek.zahn.cust-de-000108@example.test,Leszek,Zahn,Finsterwalde,2024-06-09T16:41:28.092215Z,direct
cust-de-000109,de,christoph.binner.cust-de-000109@example.test,Christoph,Binner,Dresden,2024-06-10T04:30:03.954794Z,meta
cust-de-000110,de,hans.j.drewes.cust-de-000110@example.test,Hans-J.,Drewes,Oschatz,2024-06-10T20:49:28.542627Z,meta
cust-de-000111,de,nathalie.briemer.cust-de-000111@example.test,Nathalie,Briemer,Lüdinghausen,2024-06-11T04:48:21.360494Z,direct
cust-de-000112,de,miroslaw.hering.cust-de-000112@example.test,Miroslaw,Hering,Wertingen,2024-06-13T11:56:27.633585Z,meta
cust-de-000113,de,klara.ladeck.cust-de-000113@example.test,Klara,Ladeck,Riesa,2024-06-14T18:24:26.139712Z,meta
cust-de-000114,de,simona.werner.cust-de-000114@example.test,Simona,Werner,Saarlouis,2024-06-17T08:02:36.816078Z,meta
cust-de-000115,de,zenon.tintzmann.cust-de-000115@example.test,Zenon,Tintzmann,Germersheim,2024-06-18T18:04:03.575303Z,google
cust-de-000116,de,angelique.drubin.cust-de-000116@example.test,Angelique,Drubin,Greiz,2024-06-20T06:59:38.728740Z,meta
cust-de-000117,de,heiderose.slzer.cust-de-000117@example.test,Heiderose,Sölzer,Wittenberg,2024-06-23T09:53:01.174331Z,organic
cust-de-000118,de,marvin.lorch.cust-de-000118@example.test,Marvin,Lorch,Gelnhausen,2024-06-24T15:20:54.177092Z,direct
cust-de-000119,de,thorben.thies.cust-de-000119@example.test,Thorben,Thies,Döbeln,2024-06-25T10:24:21.477765Z,direct
cust-de-000120,de,francesca.wilmsen.cust-de-000120@example.test,Francesca,Wilmsen,Strausberg,2024-06-26T19:58:26.509748Z,email
cust-de-000121,de,eckhart.gierschner.cust-de-000121@example.test,Eckhart,Gierschner,Flöha,2024-06-27T08:19:27.473246Z,organic
cust-de-000122,de,miroslaw.scheel.cust-de-000122@example.test,Miroslaw,Scheel,Ingolstadt,2024-06-27T11:38:05.876485Z,email
cust-de-000123,de,rolf.bachmann.cust-de-000123@example.test,Rolf,Bachmann,Weißwasser,2024-06-28T15:33:05.698274Z,google
cust-de-000124,de,xenia.kramer.cust-de-000124@example.test,Xenia,Kramer,Stadtroda,2024-06-28T16:10:35.489431Z,meta
cust-de-000125,de,meral.holzapfel.cust-de-000125@example.test,Meral,Holzapfel,Lippstadt,2024-06-29T08:22:04.289115Z,google
cust-de-000126,de,sigrid.binner.cust-de-000126@example.test,Sigrid,Binner,Mühldorf am Inn,2024-07-02T18:26:30.313339Z,organic
cust-de-000127,de,nicolai.ziegert.cust-de-000127@example.test,Nicolai,Ziegert,Stadtsteinach,2024-07-04T12:30:34.747462Z,google
cust-de-000128,de,sibel.vogt.cust-de-000128@example.test,Sibel,Vogt,Stade,2024-07-05T05:28:21.537687Z,email
cust-de-000129,de,waltraud.wagner.cust-de-000129@example.test,Waltraud,Wagner,Sonneberg,2024-07-05T17:35:52.247294Z,google
cust-de-000130,de,arthur.atzler.cust-de-000130@example.test,Arthur,Atzler,Bützow,2024-07-06T16:38:00.123598Z,meta
cust-de-000131,de,alfons.krein.cust-de-000131@example.test,Alfons,Krein,Neustrelitz,2024-07-07T09:47:15.789532Z,google
cust-de-000132,de,peggy.trupp.cust-de-000132@example.test,Peggy,Trupp,Eutin,2024-07-08T20:47:05.824755Z,organic
cust-de-000133,de,gerhart.jockel.cust-de-000133@example.test,Gerhart,Jockel,Beeskow,2024-07-09T11:12:40.799836Z,direct
cust-de-000134,de,gerold.drubin.cust-de-000134@example.test,Gerold,Drubin,Eutin,2024-07-09T14:02:22.776169Z,meta
cust-de-000135,de,joachim.noack.cust-de-000135@example.test,Joachim,Noack,Holzminden,2024-07-09T15:00:18.703896Z,google
cust-de-000136,de,peter.bonbach.cust-de-000136@example.test,Peter,Bonbach,Artern,2024-07-09T17:11:44.610990Z,organic
cust-de-000137,de,pirmin.segebahn.cust-de-000137@example.test,Pirmin,Segebahn,Saarbrücken,2024-07-09T17:44:18.137138Z,organic
cust-de-000138,de,antonina.weinhold.cust-de-000138@example.test,Antonina,Weinhold,Lübben,2024-07-11T14:48:58.970029Z,meta
cust-de-000139,de,georgios.pechel.cust-de-000139@example.test,Georgios,Pechel,Aachen,2024-07-12T08:29:47.280429Z,organic
cust-de-000140,de,gundi.trb.cust-de-000140@example.test,Gundi,Trüb,Hechingen,2024-07-12T15:11:15.469581Z,meta
cust-de-000141,de,bogdan.wesack.cust-de-000141@example.test,Bogdan,Wesack,Miltenberg,2024-07-12T18:18:36.842460Z,direct
cust-de-000142,de,ludmila.wilmsen.cust-de-000142@example.test,Ludmila,Wilmsen,Jena,2024-07-13T10:20:50.653986Z,google
cust-de-000143,de,sibylla.stiffel.cust-de-000143@example.test,Sibylla,Stiffel,Bitterfeld,2024-07-13T17:21:37.761450Z,google
cust-de-000144,de,marjan.hring.cust-de-000144@example.test,Marjan,Häring,Havelberg,2024-07-13T18:28:55.857886Z,meta
cust-de-000145,de,magdalena.beer.cust-de-000145@example.test,Magdalena,Beer,Strasburg,2024-07-15T14:59:34.296996Z,meta
cust-de-000146,de,darko.roht.cust-de-000146@example.test,Darko,Roht,Erbisdorf,2024-07-16T14:52:30.542624Z,meta
cust-de-000147,de,hans.henning.jacob.cust-de-000147@example.test,Hans-Henning,Jacob,Fallingbostel,2024-07-18T10:40:37.262362Z,organic
cust-de-000148,de,antonius.kallert.cust-de-000148@example.test,Antonius,Kallert,Sulzbach-Rosenberg,2024-07-18T11:52:06.380421Z,organic
cust-de-000149,de,anto.lachmann.cust-de-000149@example.test,Anto,Lachmann,Querfurt,2024-07-18T12:45:57.817947Z,google
cust-de-000150,de,reginald.rhricht.cust-de-000150@example.test,Reginald,Röhricht,Eisenberg,2024-07-18T15:41:41.193805Z,meta
cust-de-000151,de,danica.holzapfel.cust-de-000151@example.test,Danica,Holzapfel,Suhl,2024-07-20T16:05:57.461819Z,meta
cust-de-000152,de,ullrich.sontag.cust-de-000152@example.test,Ullrich,Sontag,Pirmasens,2024-07-24T10:16:13.495632Z,meta
cust-de-000153,de,ian.siering.cust-de-000153@example.test,Ian,Siering,Rehau,2024-07-25T09:36:34.617389Z,organic
cust-de-000154,de,ignaz.frhlich.cust-de-000154@example.test,Ignaz,Fröhlich,Cottbus,2024-07-26T18:48:33.515631Z,direct
cust-de-000155,de,maren.trubin.cust-de-000155@example.test,Maren,Trubin,Cuxhaven,2024-07-26T19:34:03.924536Z,direct
cust-de-000156,de,sina.schmidtke.cust-de-000156@example.test,Sina,Schmidtke,Artern,2024-07-27T08:49:17.881213Z,direct
cust-de-000157,de,julius.hermighausen.cust-de-000157@example.test,Julius,Hermighausen,Pritzwalk,2024-07-28T07:20:44.792383Z,meta
cust-de-000158,de,helmuth.hfig.cust-de-000158@example.test,Helmuth,Höfig,Schrobenhausen,2024-07-30T15:29:56.991584Z,google
cust-de-000159,de,annaliese.hfig.cust-de-000159@example.test,Annaliese,Höfig,Cloppenburg,2024-07-31T17:51:40.502349Z,google
cust-de-000160,de,uta.bohlander.cust-de-000160@example.test,Uta,Bohlander,Passau,2024-07-31T19:13:22.370712Z,organic
cust-de-000161,de,antonios.herrmann.cust-de-000161@example.test,Antonios,Herrmann,Lobenstein,2024-08-03T12:30:34.047001Z,google
cust-de-000162,de,wilfried.beyer.cust-de-000162@example.test,Wilfried,Beyer,Finsterwalde,2024-08-03T15:12:59.429123Z,google
cust-de-000163,de,diana.binner.cust-de-000163@example.test,Diana,Binner,Plauen,2024-08-03T18:34:40.112222Z,google
cust-de-000164,de,zoltan.bien.cust-de-000164@example.test,Zoltan,Bien,Büsingen am Hochrhein,2024-08-04T17:45:12.806801Z,meta
cust-de-000165,de,diana.harloff.cust-de-000165@example.test,Diana,Harloff,Burglengenfeld,2024-08-05T17:51:14.904116Z,meta
cust-de-000166,de,tlay.stroh.cust-de-000166@example.test,Tülay,Stroh,Sigmaringen,2024-08-06T13:48:39.773753Z,email
cust-de-000167,de,skr.sding.cust-de-000167@example.test,Sükrü,Söding,Oranienburg,2024-08-09T13:36:26.613581Z,meta
cust-de-000168,de,leopoldine.scheibe.cust-de-000168@example.test,Leopoldine,Scheibe,Guben,2024-08-10T14:36:27.767821Z,organic
cust-de-000169,de,miodrag.warmer.cust-de-000169@example.test,Miodrag,Warmer,Stadtroda,2024-08-10T16:24:49.814590Z,email
cust-de-000170,de,eitel.junck.cust-de-000170@example.test,Eitel,Junck,Hagenow,2024-08-11T10:29:55.103360Z,google
cust-de-000171,de,susana.pieper.cust-de-000171@example.test,Susana,Pieper,Leipziger Land,2024-08-12T12:25:07.907438Z,meta
cust-de-000172,de,hans.h.hoffmann.cust-de-000172@example.test,Hans-H.,Hoffmann,Vohenstrauß,2024-08-12T20:27:24.950048Z,email
cust-de-000173,de,irmengard.schnland.cust-de-000173@example.test,Irmengard,Schönland,Nordhausen,2024-08-15T15:16:02.415387Z,google
cust-de-000174,de,frauke.koch.ii.cust-de-000174@example.test,Frauke,Koch II,Pirmasens,2024-08-16T17:17:18.709424Z,google
cust-de-000175,de,rouven.schaaf.cust-de-000175@example.test,Rouven,Schaaf,Schongau,2024-08-18T06:14:50.324937Z,organic
cust-de-000176,de,matthus.lachmann.cust-de-000176@example.test,Matthäus,Lachmann,Oschatz,2024-08-18T08:04:12.088100Z,meta
cust-de-000177,de,helmar.stumpf.cust-de-000177@example.test,Helmar,Stumpf,Wernigerode,2024-08-20T06:38:58.214836Z,direct
cust-de-000178,de,hendrik.hering.cust-de-000178@example.test,Hendrik,Hering,Pirmasens,2024-08-20T19:48:50.916500Z,google
cust-de-000179,de,ingmar.beer.cust-de-000179@example.test,Ingmar,Beer,Riesa,2024-08-21T07:51:54.588492Z,organic
cust-de-000180,de,stefanie.keudel.cust-de-000180@example.test,Stefanie,Keudel,Amberg,2024-08-21T17:18:49.208536Z,meta
cust-de-000181,de,friedemann.kobelt.cust-de-000181@example.test,Friedemann,Kobelt,Nabburg,2024-08-21T19:45:37.483639Z,organic
cust-de-000182,de,kati.geiler.cust-de-000182@example.test,Kati,Geißler,Bremen,2024-08-22T13:32:33.752050Z,meta
cust-de-000183,de,magda.roht.cust-de-000183@example.test,Magda,Roht,Kamenz,2024-08-22T16:46:07.117761Z,google
cust-de-000184,de,toni.junken.cust-de-000184@example.test,Toni,Junken,Artern,2024-08-23T08:15:53.276517Z,direct
cust-de-000185,de,julia.jttner.cust-de-000185@example.test,Julia,Jüttner,Mühlhausen,2024-08-29T14:29:38.769777Z,meta
cust-de-000186,de,philomena.wesack.cust-de-000186@example.test,Philomena,Wesack,Grafenau,2024-08-29T20:17:02.934212Z,organic
cust-de-000187,de,natalja.anders.cust-de-000187@example.test,Natalja,Anders,Artern,2024-08-30T15:35:11.041168Z,meta
cust-de-000188,de,sarina.zobel.cust-de-000188@example.test,Sarina,Zobel,Werdau,2024-08-30T16:02:14.245714Z,direct
cust-de-000189,de,oswald.schfer.cust-de-000189@example.test,Oswald,Schäfer,Ebermannstadt,2024-08-31T12:01:22.426284Z,google
cust-de-000190,de,wieland.flantz.cust-de-000190@example.test,Wieland,Flantz,Wunsiedel,2024-08-31T14:04:17.803228Z,google
cust-de-000191,de,michelle.keudel.cust-de-000191@example.test,Michelle,Keudel,Hannoversch Münden,2024-09-02T06:53:15.702366Z,organic
cust-de-000192,de,heiner.spie.cust-de-000192@example.test,Heiner,Spieß,Dessau,2024-09-02T10:29:39.371142Z,meta
cust-de-000193,de,johan.drub.cust-de-000193@example.test,Johan,Drub,Wunsiedel,2024-09-03T18:17:37.835205Z,google
cust-de-000194,de,regina.martin.cust-de-000194@example.test,Regina,Martin,Parchim,2024-09-04T18:12:40.774983Z,google
cust-de-000195,de,heino.mitschke.cust-de-000195@example.test,Heino,Mitschke,Geithain,2024-09-08T16:41:21.035390Z,meta
cust-de-000196,de,alban.ackermann.cust-de-000196@example.test,Alban,Ackermann,Monschau,2024-09-09T09:55:25.130548Z,organic
cust-de-000197,de,stefanie.ehlert.cust-de-000197@example.test,Stefanie,Ehlert,Roth,2024-09-10T08:26:54.713255Z,organic
cust-de-000198,de,zehra.lange.cust-de-000198@example.test,Zehra,Lange,Schrobenhausen,2024-09-11T09:01:19.726559Z,organic
cust-de-000199,de,marie.louise.wulf.cust-de-000199@example.test,Marie-Louise,Wulf,Cuxhaven,2024-09-13T18:16:32.781734Z,google
cust-de-000200,de,hannes.grein.groth.cust-de-000200@example.test,Hannes,Grein Groth,Bogen,2024-09-14T15:48:50.363064Z,google
cust-de-000201,de,sigismund.rudolph.cust-de-000201@example.test,Sigismund,Rudolph,Schwäbisch Hall,2024-09-15T12:40:00.095225Z,google
cust-de-000202,de,harry.znker.cust-de-000202@example.test,Harry,Zänker,Grevesmühlen,2024-09-16T10:48:24.409507Z,direct
cust-de-000203,de,antje.hauffer.cust-de-000203@example.test,Antje,Hauffer,Ochsenfurt,2024-09-17T08:29:24.866083Z,meta
cust-de-000204,de,angelica.prei.cust-de-000204@example.test,Angelica,Preiß,Regensburg,2024-09-24T18:49:01.265776Z,meta
cust-de-000205,de,aenne.heser.cust-de-000205@example.test,Aenne,Heser,Bischofswerda,2024-09-27T08:43:38.882863Z,organic
cust-de-000206,de,babette.schottin.cust-de-000206@example.test,Babette,Schottin,Waldmünchen,2024-09-27T16:05:59.358228Z,meta
cust-de-000207,de,gudula.schmidt.cust-de-000207@example.test,Gudula,Schmidt,Delitzsch,2024-09-28T13:30:33.333481Z,google
cust-de-000208,de,henni.henck.cust-de-000208@example.test,Henni,Henck,Dieburg,2024-10-01T19:48:50.814825Z,meta
cust-de-000209,de,annie.textor.cust-de-000209@example.test,Annie,Textor,Mühlhausen,2024-10-04T15:01:43.898989Z,email
cust-de-000210,de,maren.junken.cust-de-000210@example.test,Maren,Junken,Hammelburg,2024-10-05T20:07:19.421205Z,direct
cust-de-000211,de,anica.pechel.cust-de-000211@example.test,Anica,Pechel,Bad Kissingen,2024-10-06T13:51:14.439220Z,meta
cust-de-000212,de,carl.jkel.cust-de-000212@example.test,Carl,Jäkel,Eichstätt,2024-10-07T08:19:08.380789Z,google
cust-de-000213,de,alfredo.lindner.cust-de-000213@example.test,Alfredo,Lindner,Fallingbostel,2024-10-08T04:07:29.546614Z,google
cust-de-000214,de,mirko.auch.schlauchin.cust-de-000214@example.test,Mirko,auch Schlauchin,Erding,2024-10-09T16:36:13.224020Z,meta
cust-de-000215,de,klara.striebitz.cust-de-000215@example.test,Klara,Striebitz,Emmendingen,2024-10-15T10:02:13.800738Z,organic
cust-de-000216,de,nurettin.kallert.cust-de-000216@example.test,Nurettin,Kallert,Teterow,2024-10-23T15:55:51.526463Z,google
cust-de-000217,de,anna.maria.schleich.cust-de-000217@example.test,Anna-Maria,Schleich,Regensburg,2024-10-25T12:26:07.464677Z,google
cust-de-000218,de,herma.beier.cust-de-000218@example.test,Herma,Beier,Sankt Goarshausen,2024-10-30T11:28:45.195760Z,email
cust-de-000219,de,liliane.trb.cust-de-000219@example.test,Liliane,Trüb,Mettmann,2024-11-03T21:51:33.501089Z,google
cust-de-000220,de,marvin.wieloch.cust-de-000220@example.test,Marvin,Wieloch,Lobenstein,2024-11-04T06:22:38.141896Z,google
cust-de-000221,de,ortwin.mielcarek.cust-de-000221@example.test,Ortwin,Mielcarek,Kusel,2024-11-04T14:37:20.634363Z,google
cust-de-000222,de,anna.luise.trst.cust-de-000222@example.test,Anna-Luise,Tröst,Eckernförde,2024-11-04T19:41:53.270829Z,google
cust-de-000223,de,branka.otto.cust-de-000223@example.test,Branka,Otto,Erbisdorf,2024-11-07T16:52:08.271957Z,meta
cust-de-000224,de,klaus.d.stiebitz.cust-de-000224@example.test,Klaus-D.,Stiebitz,Riesa,2024-11-07T16:54:29.033569Z,meta
cust-de-000225,de,andre.hornich.cust-de-000225@example.test,Andre,Hornich,Hildesheim,2024-11-11T12:37:51.681483Z,direct
cust-de-000226,de,bernt.kranz.cust-de-000226@example.test,Bernt,Kranz,Lüdinghausen,2024-11-13T18:14:26.728952Z,direct
cust-de-000227,de,sylvia.gunpf.cust-de-000227@example.test,Sylvia,Gunpf,Dessau,2024-11-15T16:05:44.852456Z,email
cust-de-000228,de,hilma.tsche.cust-de-000228@example.test,Hilma,Täsche,Bayreuth,2024-11-19T21:10:57.136970Z,google
cust-de-000229,de,stefania.schleich.cust-de-000229@example.test,Stefania,Schleich,Prenzlau,2024-11-23T17:52:16.166796Z,direct
cust-de-000230,de,edith.mitschke.cust-de-000230@example.test,Edith,Mitschke,Karlsruhe,2024-11-24T10:20:50.003267Z,meta
cust-de-000231,de,rose.bonbach.cust-de-000231@example.test,Rose,Bonbach,Hersbruck,2024-11-24T11:52:45.991556Z,meta
cust-de-000232,de,sedat.tsche.cust-de-000232@example.test,Sedat,Täsche,Prenzlau,2024-11-25T19:39:52.475236Z,direct
cust-de-000233,de,irena.brner.cust-de-000233@example.test,Irena,Börner,Grimma,2024-11-25T20:05:58.775279Z,organic
cust-de-000234,de,rico.suberlich.cust-de-000234@example.test,Rico,Säuberlich,Reutlingen,2024-11-29T21:03:48.223970Z,direct
cust-de-000235,de,jessica.holzapfel.cust-de-000235@example.test,Jessica,Holzapfel,Schwäbisch Hall,2024-11-29T21:24:03.304864Z,google
cust-de-000236,de,hanspeter.barkholz.cust-de-000236@example.test,Hanspeter,Barkholz,Uffenheim,2024-12-01T19:40:27.875256Z,meta
cust-de-000237,de,stefan.segebahn.cust-de-000237@example.test,Stefan,Segebahn,Peine,2024-12-03T15:14:40.832298Z,meta
cust-de-000238,de,caren.rosenow.cust-de-000238@example.test,Caren,Rosenow,Herford,2024-12-06T10:18:48.255483Z,organic
cust-de-000239,de,laszlo.ullmann.cust-de-000239@example.test,Laszlo,Ullmann,Wurzen,2024-12-09T06:28:16.759848Z,direct
cust-de-000240,de,brit.ernst.cust-de-000240@example.test,Brit,Ernst,Kehl,2024-12-09T18:02:31.190469Z,organic
cust-de-000241,de,engin.knappe.cust-de-000241@example.test,Engin,Knappe,Kusel,2024-12-10T13:11:25.443777Z,google
cust-de-000242,de,klaus.anders.cust-de-000242@example.test,Klaus,Anders,Torgau,2024-12-12T09:03:14.622028Z,meta
cust-de-000243,de,rdiger.junken.cust-de-000243@example.test,Rüdiger,Junken,Rockenhausen,2024-12-12T17:56:19.248774Z,organic
cust-de-000244,de,ekrem.kroker.cust-de-000244@example.test,Ekrem,Kroker,München,2024-12-15T15:52:32.828372Z,meta
cust-de-000245,de,karl.heinz.winkler.cust-de-000245@example.test,Karl Heinz,Winkler,Stollberg,2024-12-15T17:43:22.823159Z,organic
cust-de-000246,de,sigfried.stroh.cust-de-000246@example.test,Sigfried,Stroh,Euskirchen,2024-12-15T18:58:10.708758Z,organic
cust-de-000247,de,axel.hlzenbecher.cust-de-000247@example.test,Axel,Hölzenbecher,Prenzlau,2024-12-15T21:46:39.567242Z,meta
cust-de-000248,de,alfons.ruppert.cust-de-000248@example.test,Alfons,Ruppert,Kemnath,2024-12-18T21:42:03.911908Z,google
cust-de-000249,de,donata.kruschwitz.cust-de-000249@example.test,Donata,Kruschwitz,Gräfenhainichen,2024-12-19T10:02:15.099416Z,direct
cust-de-000250,de,dan.schweitzer.cust-de-000250@example.test,Dan,Schweitzer,Wolgast,2024-12-19T18:24:54.281023Z,direct
cust-de-000251,de,inga.henschel.cust-de-000251@example.test,Inga,Henschel,Wesel,2024-12-20T19:52:15.810306Z,meta
cust-de-000252,de,viktoria.jkel.cust-de-000252@example.test,Viktoria,Jäkel,Bernburg,2024-12-23T18:05:31.507284Z,meta
cust-de-000253,de,harald.hellwig.cust-de-000253@example.test,Harald,Hellwig,Eckernförde,2024-12-23T20:51:48.956829Z,google
cust-de-000254,de,anne.sding.cust-de-000254@example.test,Anne,Söding,Bad Langensalza,2024-12-25T20:31:39.426798Z,meta
cust-de-000255,de,tony.schottin.cust-de-000255@example.test,Tony,Schottin,Neunburg vorm Wald,2024-12-26T11:34:09.662662Z,google
cust-de-000256,de,helmut.textor.cust-de-000256@example.test,Helmut,Textor,Demmin,2024-12-26T15:04:38.315147Z,meta
cust-de-000257,de,german.kitzmann.cust-de-000257@example.test,German,Kitzmann,Oberviechtach,2024-12-30T17:40:47.961785Z,meta
cust-de-000258,de,leni.kuhl.cust-de-000258@example.test,Leni,Kuhl,Waldmünchen,2024-12-31T19:01:36.323921Z,email
cust-de-000259,de,margita.khnert.cust-de-000259@example.test,Margita,Kühnert,Mettmann,2024-12-31T19:02:20.868775Z,direct
cust-fr-000001,fr,adle.brunel.cust-fr-000001@example.test,Adèle,Brunel,Dupré,2024-01-01T17:10:42.677264Z,organic
cust-fr-000002,fr,patrick.sanchez.cust-fr-000002@example.test,Patrick,Sanchez,Le Roux,2024-01-02T14:57:10.611721Z,google
cust-fr-000003,fr,alphonse.marin.cust-fr-000003@example.test,Alphonse,Marin,Neveu,2024-01-17T17:47:25.513959Z,email
cust-fr-000004,fr,colette.pichon.cust-fr-000004@example.test,Colette,Pichon,Adam-sur-Didier,2024-01-18T16:45:59.574261Z,google
cust-fr-000005,fr,henri.colin.cust-fr-000005@example.test,Henri,Colin,Sainte Luce,2024-01-20T10:10:26.642265Z,google
cust-fr-000006,fr,catherine.sauvage.cust-fr-000006@example.test,Catherine,Sauvage,Blondel,2024-01-22T09:49:27.277282Z,email
cust-fr-000007,fr,valentine.pereira.cust-fr-000007@example.test,Valentine,Pereira,Sainte Geneviève,2024-01-29T17:29:41.656495Z,meta
cust-fr-000008,fr,lon.diaz.cust-fr-000008@example.test,Léon,Diaz,Picard,2024-02-02T17:00:12.706223Z,google
cust-fr-000009,fr,roger.guillou.cust-fr-000009@example.test,Roger,Guillou,Toussaint,2024-02-04T07:42:46.498110Z,meta
cust-fr-000010,fr,richard.duhamel.cust-fr-000010@example.test,Richard,Duhamel,Vasseur,2024-02-05T09:45:40.104391Z,meta
cust-fr-000011,fr,virginie.marie.cust-fr-000011@example.test,Virginie,Marie,DuvalVille,2024-02-06T18:16:47.774054Z,google
cust-fr-000012,fr,richard.hamel.cust-fr-000012@example.test,Richard,Hamel,Brunel,2024-02-09T21:44:43.548155Z,google
cust-fr-000013,fr,lise.nguyen.cust-fr-000013@example.test,Élise,Nguyen,Sainte Inès,2024-02-12T20:38:40.134625Z,email
cust-fr-000014,fr,bertrand.gomez.cust-fr-000014@example.test,Bertrand,Gomez,Fabre,2024-02-15T13:00:50.795606Z,google
cust-fr-000015,fr,bernadette.andre.cust-fr-000015@example.test,Bernadette,Andre,Hamon,2024-02-15T17:48:15.117287Z,google
cust-fr-000016,fr,lodie.allain.cust-fr-000016@example.test,Élodie,Allain,Merle,2024-02-16T09:25:52.693847Z,google
cust-fr-000017,fr,jeanne.lematre.cust-fr-000017@example.test,Jeanne,Lemaître,Noël,2024-02-16T11:34:43.138711Z,meta
cust-fr-000018,fr,henriette.benoit.cust-fr-000018@example.test,Henriette,Benoit,Picard,2024-02-27T07:56:11.505536Z,meta
cust-fr-000019,fr,thrse.boulay.cust-fr-000019@example.test,Thérèse,Boulay,Rivière,2024-03-03T18:39:03.844390Z,email
cust-fr-000020,fr,henri.didier.cust-fr-000020@example.test,Henri,Didier,Sainte William,2024-03-06T18:54:07.377591Z,meta
cust-fr-000021,fr,arthur.samson.cust-fr-000021@example.test,Arthur,Samson,Meunier,2024-03-07T07:43:33.348113Z,organic
cust-fr-000022,fr,anouk.de.oliveira.cust-fr-000022@example.test,Anouk,De Oliveira,Sainte Arnaude,2024-03-10T17:50:45.070521Z,meta
cust-fr-000023,fr,nicole.bonnet.cust-fr-000023@example.test,Nicole,Bonnet,Saint Suzanne,2024-03-12T12:07:00.975408Z,google
cust-fr-000024,fr,philippe.carpentier.cust-fr-000024@example.test,Philippe,Carpentier,Sainte DorothéeBourg,2024-03-21T09:37:46.759378Z,direct
cust-fr-000025,fr,eugne.turpin.cust-fr-000025@example.test,Eugène,Turpin,Albert,2024-03-22T16:03:42.501832Z,meta
cust-fr-000026,fr,stphanie.marin.cust-fr-000026@example.test,Stéphanie,Marin,Meyerdan,2024-03-22T18:25:21.530184Z,meta
cust-fr-000027,fr,vronique.jacob.cust-fr-000027@example.test,Véronique,Jacob,Saint Aiméboeuf,2024-03-24T15:57:07.581423Z,google
cust-fr-000028,fr,hortense.barthelemy.cust-fr-000028@example.test,Hortense,Barthelemy,Leconte,2024-03-24T19:47:42.352028Z,meta
cust-fr-000029,fr,marguerite.cordier.cust-fr-000029@example.test,Marguerite,Cordier,Courtois,2024-03-26T08:46:25.134296Z,organic
cust-fr-000030,fr,daniel.maillot.cust-fr-000030@example.test,Daniel,Maillot,Labbé,2024-03-27T14:54:37.539553Z,google
cust-fr-000031,fr,arnaude.dijoux.cust-fr-000031@example.test,Arnaude,Dijoux,Sainte Nathalie,2024-03-27T20:37:25.456410Z,email
cust-fr-000032,fr,frdrique.dupont.cust-fr-000032@example.test,Frédérique,Dupont,GuyotVille,2024-03-29T19:40:09.872081Z,email
cust-fr-000033,fr,thibaut.masson.cust-fr-000033@example.test,Thibaut,Masson,Lebreton,2024-03-31T05:13:28.694801Z,meta
cust-fr-000034,fr,charles.delmas.cust-fr-000034@example.test,Charles,Delmas,Sainte Eugène,2024-04-02T06:29:02.356220Z,meta
cust-fr-000035,fr,dominique.lesage.cust-fr-000035@example.test,Dominique,Lesage,Saint Dorothéedan,2024-04-02T09:26:59.154349Z,organic
cust-fr-000036,fr,monique.labb.cust-fr-000036@example.test,Monique,Labbé,Rivière,2024-04-02T10:47:02.355332Z,email
cust-fr-000037,fr,thodore.berger.cust-fr-000037@example.test,Théodore,Berger,MauryBourg,2024-04-03T15:57:01.576775Z,email
cust-fr-000038,fr,marcelle.rocher.cust-fr-000038@example.test,Marcelle,Rocher,Teixeiranec,2024-04-04T07:12:23.841896Z,organic
cust-fr-000039,fr,michelle.lebreton.cust-fr-000039@example.test,Michelle,Lebreton,Samson,2024-04-04T18:36:23.518535Z,organic
cust-fr-000040,fr,andr.riou.cust-fr-000040@example.test,André,Riou,Sainte Odettenec,2024-04-06T17:34:14.205760Z,google
cust-fr-000041,fr,madeleine.albert.cust-fr-000041@example.test,Madeleine,Albert,Klein,2024-04-09T14:20:55.801782Z,organic
cust-fr-000042,fr,jacques.didier.cust-fr-000042@example.test,Jacques,Didier,Sainte Nicolasnec,2024-04-11T21:46:42.898473Z,email
cust-fr-000043,fr,augustin.duhamel.cust-fr-000043@example.test,Augustin,Duhamel,Moulin-les-Bains,2024-04-12T14:18:59.510072Z,email
cust-fr-000044,fr,hortense.mace.cust-fr-000044@example.test,Hortense,Mace,David-sur-Joseph,2024-04-12T16:19:18.513581Z,meta
cust-fr-000045,fr,suzanne.martin.cust-fr-000045@example.test,Suzanne,Martin,Weberboeuf,2024-04-13T14:10:30.052118Z,organic
cust-fr-000046,fr,lorraine.nguyen.cust-fr-000046@example.test,Lorraine,Nguyen,Dos SantosVille,2024-04-13T14:20:01.991146Z,organic
cust-fr-000047,fr,joseph.jacob.cust-fr-000047@example.test,Joseph,Jacob,Maillard-la-Forêt,2024-04-13T17:05:20.647610Z,email
cust-fr-000048,fr,jrme.neveu.cust-fr-000048@example.test,Jérôme,Neveu,Poulainnec,2024-04-14T14:34:09.169512Z,google
cust-fr-000049,fr,andre.le.goff.cust-fr-000049@example.test,Andrée,Le Goff,Benoit,2024-04-14T19:38:26.653109Z,google
cust-fr-000050,fr,frdric.bonnet.cust-fr-000050@example.test,Frédéric,Bonnet,Pineau,2024-04-16T17:54:58.868860Z,email
cust-fr-000051,fr,olivier.alves.cust-fr-000051@example.test,Olivier,Alves,Petitjean-sur-Maillet,2024-04-16T18:56:45.758693Z,google
cust-fr-000052,fr,adrienne.laine.cust-fr-000052@example.test,Adrienne,Laine,Benoit-sur-Guérin,2024-04-16T20:22:56.820144Z,google
cust-fr-000053,fr,laetitia.klein.cust-fr-000053@example.test,Laetitia,Klein,Leclercq,2024-04-17T08:08:43.088888Z,meta
cust-fr-000054,fr,roger.marty.cust-fr-000054@example.test,Roger,Marty,Saint Alfred-sur-Mer,2024-04-18T07:13:04.840183Z,meta
cust-fr-000055,fr,gabriel.launay.cust-fr-000055@example.test,Gabriel,Launay,Sainte ChantalVille,2024-04-19T15:22:21.010401Z,email
cust-fr-000056,fr,agns.colin.cust-fr-000056@example.test,Agnès,Colin,Brunet-sur-Blanchet,2024-04-19T20:20:26.584951Z,google
cust-fr-000057,fr,paulette.blanc.cust-fr-000057@example.test,Paulette,Blanc,Guillaume,2024-04-20T14:08:32.030831Z,direct
cust-fr-000058,fr,benjamin.cousin.cust-fr-000058@example.test,Benjamin,Cousin,Gauthier,2024-04-20T20:12:43.757496Z,google
cust-fr-000059,fr,arthur.munoz.cust-fr-000059@example.test,Arthur,Munoz,Sainte Claude,2024-04-23T15:32:39.098159Z,google
cust-fr-000060,fr,capucine.monnier.cust-fr-000060@example.test,Capucine,Monnier,Dupont-sur-Salmon,2024-04-28T07:04:23.015176Z,meta
cust-fr-000061,fr,aurlie.olivier.cust-fr-000061@example.test,Aurélie,Olivier,Le Gall,2024-04-30T16:34:06.322460Z,meta
cust-fr-000062,fr,brigitte.payet.cust-fr-000062@example.test,Brigitte,Payet,Barondan,2024-05-05T16:50:58.776028Z,meta
cust-fr-000063,fr,anne.fontaine.cust-fr-000063@example.test,Anne,Fontaine,Normand,2024-05-07T17:32:21.499556Z,meta
cust-fr-000064,fr,isabelle.maillot.cust-fr-000064@example.test,Isabelle,Maillot,RousselVille,2024-05-07T17:51:42.443488Z,google
cust-fr-000065,fr,henriette.lger.cust-fr-000065@example.test,Henriette,Léger,Normand,2024-05-08T08:40:27.839110Z,organic
cust-fr-000066,fr,alexandre.toussaint.cust-fr-000066@example.test,Alexandre,Toussaint,Rousseau,2024-05-10T15:23:28.114296Z,organic
cust-fr-000067,fr,vincent.lefort.cust-fr-000067@example.test,Vincent,Lefort,Guérin-sur-Tessier,2024-05-10T15:25:59.133693Z,direct
cust-fr-000068,fr,hugues.boulanger.cust-fr-000068@example.test,Hugues,Boulanger,Martel,2024-05-14T15:23:32.841147Z,organic
cust-fr-000069,fr,joseph.lombard.cust-fr-000069@example.test,Joseph,Lombard,Delaunay-sur-Collet,2024-05-14T16:49:36.189469Z,email
cust-fr-000070,fr,danielle.poirier.cust-fr-000070@example.test,Danielle,Poirier,Bigot,2024-05-20T13:07:21.569647Z,organic
cust-fr-000071,fr,brigitte.lefebvre.cust-fr-000071@example.test,Brigitte,Lefebvre,Meunier,2024-05-23T13:54:06.362471Z,meta
cust-fr-000072,fr,jean.lenoir.cust-fr-000072@example.test,Jean,Lenoir,Saint Lucynec,2024-05-24T17:08:44.785526Z,organic
cust-fr-000073,fr,honor.peltier.cust-fr-000073@example.test,Honoré,Peltier,Bousquet-la-Forêt,2024-05-25T13:36:49.446609Z,meta
cust-fr-000074,fr,gilles.nguyen.cust-fr-000074@example.test,Gilles,Nguyen,Saint Georges,2024-05-25T18:27:12.730881Z,organic
cust-fr-000075,fr,laetitia.fontaine.cust-fr-000075@example.test,Laetitia,Fontaine,Teixeiranec,2024-05-30T17:55:39.241809Z,email
cust-fr-000076,fr,laurence.perrin.cust-fr-000076@example.test,Laurence,Perrin,GauthierVille,2024-06-01T19:35:05.817919Z,google
cust-fr-000077,fr,agathe.reynaud.cust-fr-000077@example.test,Agathe,Reynaud,Sainte AdèleVille,2024-06-02T17:59:31.501921Z,meta
cust-fr-000078,fr,cline.guyon.cust-fr-000078@example.test,Céline,Guyon,Grenierboeuf,2024-06-02T18:13:43.015578Z,google
cust-fr-000079,fr,aurlie.langlois.cust-fr-000079@example.test,Aurélie,Langlois,Allardboeuf,2024-06-02T18:45:44.594334Z,meta
cust-fr-000080,fr,stphane.marie.cust-fr-000080@example.test,Stéphane,Marie,David,2024-06-02T19:26:10.704090Z,google
cust-fr-000081,fr,susan.merle.cust-fr-000081@example.test,Susan,Merle,Guérinboeuf,2024-06-05T15:30:44.310463Z,meta
cust-fr-000082,fr,alice.lacombe.cust-fr-000082@example.test,Alice,Lacombe,SanchezBourg,2024-06-06T12:39:51.453678Z,organic
cust-fr-000083,fr,julien.lacroix.cust-fr-000083@example.test,Julien,Lacroix,Gosselindan,2024-06-06T14:01:56.851890Z,meta
cust-fr-000084,fr,laetitia.lacroix.cust-fr-000084@example.test,Laetitia,Lacroix,Buisson,2024-06-07T13:30:18.415297Z,organic
cust-fr-000085,fr,milie.mallet.cust-fr-000085@example.test,Émilie,Mallet,Sainte LaurentVille,2024-06-07T17:20:09.751754Z,google
cust-fr-000086,fr,adlade.roux.cust-fr-000086@example.test,Adélaïde,Roux,Valentin,2024-06-08T08:38:24.721305Z,meta
cust-fr-000087,fr,lucy.hebert.cust-fr-000087@example.test,Lucy,Hebert,Poulainnec,2024-06-08T13:13:50.765746Z,organic
cust-fr-000088,fr,julie.parent.cust-fr-000088@example.test,Julie,Parent,Guillet,2024-06-10T12:45:16.550952Z,email
cust-fr-000089,fr,olivie.grard.cust-fr-000089@example.test,Olivie,Gérard,LecoqBourg,2024-06-12T10:21:58.887715Z,google
cust-fr-000090,fr,charlotte.lemaire.cust-fr-000090@example.test,Charlotte,Lemaire,Cousin,2024-06-13T11:17:46.709528Z,organic
cust-fr-000091,fr,thibaut.ramos.cust-fr-000091@example.test,Thibaut,Ramos,Gomes-sur-Da Costa,2024-06-15T17:42:17.738741Z,direct
cust-fr-000092,fr,milie.rodrigues.cust-fr-000092@example.test,Émilie,Rodrigues,Gauthierdan,2024-06-16T20:14:12.218681Z,organic
cust-fr-000093,fr,anas.dubois.cust-fr-000093@example.test,Anaïs,Dubois,Noëlboeuf,2024-06-19T12:07:05.117755Z,meta
cust-fr-000094,fr,gabrielle.tessier.cust-fr-000094@example.test,Gabrielle,Tessier,Langlois,2024-06-28T07:36:47.893441Z,email
cust-fr-000095,fr,constance.benard.cust-fr-000095@example.test,Constance,Benard,Gosselin,2024-06-29T05:05:46.503714Z,google
cust-fr-000096,fr,valrie.martin.cust-fr-000096@example.test,Valérie,Martin,Perrier,2024-06-29T16:12:19.282828Z,meta
cust-fr-000097,fr,victoire.allard.cust-fr-000097@example.test,Victoire,Allard,Sainte Véronique,2024-06-30T13:32:39.754532Z,direct
cust-fr-000098,fr,cline.meunier.cust-fr-000098@example.test,Céline,Meunier,Sainte Émilenec,2024-07-02T16:50:20.184243Z,meta
cust-fr-000099,fr,laurent.potier.cust-fr-000099@example.test,Laurent,Potier,Sainte AntoinetteBourg,2024-07-04T13:19:41.435612Z,google
cust-fr-000100,fr,margot.merle.cust-fr-000100@example.test,Margot,Merle,Fernandez-sur-Mace,2024-07-05T15:16:44.028892Z,meta
cust-fr-000101,fr,lucas.sanchez.cust-fr-000101@example.test,Lucas,Sanchez,Marie,2024-07-06T07:59:55.589114Z,email
cust-fr-000102,fr,christine.pires.cust-fr-000102@example.test,Christine,Pires,Voisin,2024-07-06T14:20:42.971938Z,organic
cust-fr-000103,fr,adrien.cohen.cust-fr-000103@example.test,Adrien,Cohen,Saint Stéphaniedan,2024-07-07T04:13:05.083499Z,google
cust-fr-000104,fr,ric.ribeiro.cust-fr-000104@example.test,Éric,Ribeiro,Joly-sur-De Oliveira,2024-07-07T08:33:50.048186Z,meta
cust-fr-000105,fr,margot.bouvet.cust-fr-000105@example.test,Margot,Bouvet,Saint Noémidan,2024-07-07T17:48:58.159931Z,meta
cust-fr-000106,fr,alex.gilles.cust-fr-000106@example.test,Alex,Gilles,Weiss,2024-07-07T20:48:42.192335Z,organic
cust-fr-000107,fr,patrick.nol.cust-fr-000107@example.test,Patrick,Noël,Boucher,2024-07-11T17:16:07.520459Z,direct
cust-fr-000108,fr,anouk.boutin.cust-fr-000108@example.test,Anouk,Boutin,ThomasVille,2024-07-12T02:17:41.028648Z,meta
cust-fr-000109,fr,nathalie.grenier.cust-fr-000109@example.test,Nathalie,Grenier,Navarro-la-Forêt,2024-07-12T09:43:51.965025Z,meta
cust-fr-000110,fr,franoise.duhamel.cust-fr-000110@example.test,Françoise,Duhamel,Lambert,2024-07-12T20:57:48.424299Z,organic
cust-fr-000111,fr,lorraine.launay.cust-fr-000111@example.test,Lorraine,Launay,DavidVille,2024-07-14T10:40:14.484855Z,meta
cust-fr-000112,fr,alice.collet.cust-fr-000112@example.test,Alice,Collet,Lemaîtredan,2024-07-15T15:53:53.108086Z,google
cust-fr-000113,fr,julien.tienne.cust-fr-000113@example.test,Julien,Étienne,Neveu-les-Bains,2024-07-15T18:13:15.007796Z,google
cust-fr-000114,fr,paul.collin.cust-fr-000114@example.test,Paul,Collin,Ramos,2024-07-16T09:27:49.391808Z,meta
cust-fr-000115,fr,nicolas.hoarau.cust-fr-000115@example.test,Nicolas,Hoarau,Dos Santosboeuf,2024-07-17T19:15:30.934879Z,meta
cust-fr-000116,fr,lise.fournier.cust-fr-000116@example.test,Élise,Fournier,Maréchal-sur-Morvan,2024-07-19T07:31:19.290210Z,meta
cust-fr-000117,fr,michle.georges.cust-fr-000117@example.test,Michèle,Georges,De Sousa-sur-Mer,2024-07-19T08:18:42.864612Z,meta
cust-fr-000118,fr,clina.guilbert.cust-fr-000118@example.test,Célina,Guilbert,Sainte Gilbert-les-Bains,2024-07-19T09:06:26.463536Z,google
cust-fr-000119,fr,nicolas.ramos.cust-fr-000119@example.test,Nicolas,Ramos,Moreno,2024-07-19T13:16:04.088920Z,meta
cust-fr-000120,fr,virginie.rivire.cust-fr-000120@example.test,Virginie,Rivière,Roy,2024-07-22T08:02:46.206372Z,google
cust-fr-000121,fr,agathe.lematre.cust-fr-000121@example.test,Agathe,Lemaître,Jacques-la-Forêt,2024-07-23T06:01:28.523818Z,direct
cust-fr-000122,fr,franois.julien.cust-fr-000122@example.test,François,Julien,Andre,2024-07-25T09:20:23.404408Z,google
cust-fr-000123,fr,susan.gautier.cust-fr-000123@example.test,Susan,Gautier,Hernandez-sur-Mer,2024-07-30T05:44:37.137452Z,google
cust-fr-000124,fr,yves.petitjean.cust-fr-000124@example.test,Yves,Petitjean,Saint Bernard,2024-07-31T12:16:42.290605Z,meta
cust-fr-000125,fr,alice.buisson.cust-fr-000125@example.test,Alice,Buisson,Colin,2024-08-01T17:06:02.571757Z,meta
cust-fr-000126,fr,nol.pruvost.cust-fr-000126@example.test,Noël,Pruvost,Lopesnec,2024-08-01T17:33:53.237055Z,direct
cust-fr-000127,fr,lucas.regnier.cust-fr-000127@example.test,Lucas,Regnier,Saint Denise,2024-08-02T11:59:18.327990Z,meta
cust-fr-000128,fr,hugues.grondin.cust-fr-000128@example.test,Hugues,Grondin,Lucas-les-Bains,2024-08-05T02:58:33.544553Z,meta
cust-fr-000129,fr,isaac.wagner.cust-fr-000129@example.test,Isaac,Wagner,Saint Maurice,2024-08-11T07:02:17.589392Z,direct
cust-fr-000130,fr,genevive.rivire.cust-fr-000130@example.test,Geneviève,Rivière,Hardy,2024-08-14T18:34:12.173859Z,organic
cust-fr-000131,fr,milie.martel.cust-fr-000131@example.test,Émilie,Martel,Saint LéonBourg,2024-08-14T20:09:59.725122Z,direct
cust-fr-000132,fr,guy.gilbert.cust-fr-000132@example.test,Guy,Gilbert,Sainte HélèneBourg,2024-08-20T20:39:42.050139Z,email
cust-fr-000133,fr,aime.lemaire.cust-fr-000133@example.test,Aimée,Lemaire,Sainte Zacharie,2024-08-22T14:44:13.830390Z,meta
cust-fr-000134,fr,xavier.schmitt.cust-fr-000134@example.test,Xavier,Schmitt,Foucher,2024-08-22T14:52:33.173167Z,meta
cust-fr-000135,fr,pierre.da.silva.cust-fr-000135@example.test,Pierre,Da Silva,Germain,2024-08-25T08:21:10.119538Z,meta
cust-fr-000136,fr,daniel.langlois.cust-fr-000136@example.test,Daniel,Langlois,MoreauVille,2024-08-30T19:32:53.272863Z,google
cust-fr-000137,fr,arnaude.benard.cust-fr-000137@example.test,Arnaude,Benard,Thierry,2024-09-04T17:25:38.775389Z,google
cust-fr-000138,fr,caroline.humbert.cust-fr-000138@example.test,Caroline,Humbert,Guyon-les-Bains,2024-09-05T14:41:04.469016Z,meta
cust-fr-000139,fr,anouk.tanguy.cust-fr-000139@example.test,Anouk,Tanguy,Saint AlixVille,2024-09-05T18:24:06.937805Z,direct
cust-fr-000140,fr,susan.barre.cust-fr-000140@example.test,Susan,Barre,Leblanc-sur-Weiss,2024-09-13T12:06:45.622303Z,meta
cust-fr-000141,fr,suzanne.guichard.cust-fr-000141@example.test,Suzanne,Guichard,MarchandBourg,2024-09-14T12:11:40.970424Z,google
cust-fr-000142,fr,pierre.gauthier.cust-fr-000142@example.test,Pierre,Gauthier,Sainte Adèle,2024-09-14T18:11:12.762449Z,meta
cust-fr-000143,fr,hortense.lemoine.cust-fr-000143@example.test,Hortense,Lemoine,Evrard,2024-09-17T11:12:04.258416Z,google
cust-fr-000144,fr,josette.maillet.cust-fr-000144@example.test,Josette,Maillet,LabbéVille,2024-09-19T07:07:52.095173Z,meta
cust-fr-000145,fr,robert.cordier.cust-fr-000145@example.test,Robert,Cordier,Bouviernec,2024-09-20T15:45:13.750402Z,google
cust-fr-000146,fr,sophie.imbert.cust-fr-000146@example.test,Sophie,Imbert,LopezVille,2024-09-21T07:41:19.857427Z,google
cust-fr-000147,fr,caroline.valle.cust-fr-000147@example.test,Caroline,Vallée,Poirier-sur-Gilbert,2024-09-21T15:02:42.742990Z,direct
cust-fr-000148,fr,simone.marion.cust-fr-000148@example.test,Simone,Marion,Saint Alex,2024-09-24T16:57:51.542374Z,google
cust-fr-000149,fr,martine.collet.cust-fr-000149@example.test,Martine,Collet,RossiVille,2024-09-30T10:13:09.144051Z,google
cust-fr-000150,fr,rene.vaillant.cust-fr-000150@example.test,Renée,Vaillant,Sainte Dominique,2024-10-01T11:30:08.770996Z,meta
cust-fr-000151,fr,bernadette.monnier.cust-fr-000151@example.test,Bernadette,Monnier,Le Goff-la-Forêt,2024-10-02T06:14:35.999821Z,direct
cust-fr-000152,fr,gilbert.ledoux.cust-fr-000152@example.test,Gilbert,Ledoux,Traore,2024-10-02T11:43:11.947258Z,direct
cust-fr-000153,fr,anne.le.roux.cust-fr-000153@example.test,Anne,Le Roux,BesnardVille,2024-10-07T13:45:39.805768Z,email
cust-fr-000154,fr,caroline.faure.cust-fr-000154@example.test,Caroline,Faure,SamsonBourg,2024-10-10T12:40:12.147506Z,organic
cust-fr-000155,fr,thomas.marques.cust-fr-000155@example.test,Thomas,Marques,Sainte GilbertVille,2024-10-11T18:49:08.997680Z,google
cust-fr-000156,fr,lucy.auger.cust-fr-000156@example.test,Lucy,Auger,Brianddan,2024-10-12T18:14:38.758132Z,meta
cust-fr-000157,fr,josette.lefort.cust-fr-000157@example.test,Josette,Lefort,Richard,2024-10-13T11:43:40.747960Z,meta
cust-fr-000158,fr,monique.bouchet.cust-fr-000158@example.test,Monique,Bouchet,Mahe,2024-10-16T07:11:13.011387Z,direct
cust-fr-000159,fr,bertrand.gonzalez.cust-fr-000159@example.test,Bertrand,Gonzalez,Robinboeuf,2024-10-17T17:26:48.470794Z,organic
cust-fr-000160,fr,patrick.le.gall.cust-fr-000160@example.test,Patrick,Le Gall,Hernandeznec,2024-10-25T17:24:41.881707Z,meta
cust-fr-000161,fr,pierre.rolland.cust-fr-000161@example.test,Pierre,Rolland,Lenoir,2024-10-27T05:36:12.061991Z,meta
cust-fr-000162,fr,martin.dupuis.cust-fr-000162@example.test,Martin,Dupuis,Bertin-sur-Chevalier,2024-10-27T09:16:33.032751Z,direct
cust-fr-000163,fr,amlie.daniel.cust-fr-000163@example.test,Amélie,Daniel,PasquierVille,2024-10-27T11:36:34.729929Z,meta
cust-fr-000164,fr,lucy.bodin.cust-fr-000164@example.test,Lucy,Bodin,Pinto-sur-Philippe,2024-10-29T07:45:22.267249Z,meta
cust-fr-000165,fr,christelle.gay.cust-fr-000165@example.test,Christelle,Gay,Delmas,2024-11-01T16:22:38.023493Z,google
cust-fr-000166,fr,camille.breton.cust-fr-000166@example.test,Camille,Breton,Briand,2024-11-02T18:18:49.334248Z,meta
cust-fr-000167,fr,pierre.leclercq.cust-fr-000167@example.test,Pierre,Leclercq,Delahaye,2024-11-06T09:42:20.361797Z,google
cust-fr-000168,fr,marguerite.roy.cust-fr-000168@example.test,Marguerite,Roy,Mahe-sur-Le Goff,2024-11-07T08:42:54.131360Z,google
cust-fr-000169,fr,denise.poirier.cust-fr-000169@example.test,Denise,Poirier,Bigot-la-Forêt,2024-11-07T12:22:34.890238Z,organic
cust-fr-000170,fr,sylvie.de.sousa.cust-fr-000170@example.test,Sylvie,De Sousa,Lefort-la-Forêt,2024-11-13T13:15:03.322824Z,google
cust-fr-000171,fr,rene.legendre.cust-fr-000171@example.test,Renée,Legendre,Louis,2024-11-13T14:20:32.944735Z,organic
cust-fr-000172,fr,benot.boulay.cust-fr-000172@example.test,Benoît,Boulay,Saint Aurore,2024-11-16T16:05:26.238629Z,email
cust-fr-000173,fr,charlotte.mallet.cust-fr-000173@example.test,Charlotte,Mallet,Rolland-sur-Ribeiro,2024-11-20T13:00:33.493441Z,direct
cust-fr-000174,fr,matthieu.evrard.cust-fr-000174@example.test,Matthieu,Evrard,Bouchernec,2024-11-21T12:09:03.472707Z,google
cust-fr-000175,fr,marguerite.potier.cust-fr-000175@example.test,Marguerite,Potier,Merle,2024-11-21T12:23:57.566695Z,google
cust-fr-000176,fr,patrick.barthelemy.cust-fr-000176@example.test,Patrick,Barthelemy,Guillou,2024-11-21T18:14:10.402916Z,google
cust-fr-000177,fr,lucy.muller.cust-fr-000177@example.test,Lucy,Muller,Riou,2024-11-23T19:27:31.775619Z,meta
cust-fr-000178,fr,christiane.legrand.cust-fr-000178@example.test,Christiane,Legrand,Nicolas-sur-Mer,2024-11-28T10:22:58.589386Z,meta
cust-fr-000179,fr,christiane.mends.cust-fr-000179@example.test,Christiane,Mendès,Delmas,2024-11-28T18:33:28.586848Z,organic
cust-fr-000180,fr,maurice.aubry.cust-fr-000180@example.test,Maurice,Aubry,Martin,2024-11-29T18:52:40.064085Z,meta
cust-fr-000181,fr,lucas.morvan.cust-fr-000181@example.test,Lucas,Morvan,Rossiboeuf,2024-11-29T20:49:21.304608Z,meta
cust-fr-000182,fr,tristan.toussaint.cust-fr-000182@example.test,Tristan,Toussaint,Martineznec,2024-12-03T10:07:56.907655Z,meta
cust-fr-000183,fr,michelle.martineau.cust-fr-000183@example.test,Michelle,Martineau,Fouquet,2024-12-04T09:28:59.452458Z,direct
cust-fr-000184,fr,henriette.paris.cust-fr-000184@example.test,Henriette,Paris,LopezBourg,2024-12-05T16:35:43.585635Z,google
cust-fr-000185,fr,thrse.rodrigues.cust-fr-000185@example.test,Thérèse,Rodrigues,Maillard-sur-Wagner,2024-12-06T04:55:00.420804Z,meta
cust-fr-000186,fr,alexandrie.baudry.cust-fr-000186@example.test,Alexandrie,Baudry,Blanchet,2024-12-07T10:32:21.545067Z,meta
cust-fr-000187,fr,madeleine.hamel.cust-fr-000187@example.test,Madeleine,Hamel,Rémyboeuf,2024-12-07T19:05:00.740499Z,direct
cust-fr-000188,fr,patricia.simon.cust-fr-000188@example.test,Patricia,Simon,Lejeune,2024-12-14T19:23:30.118600Z,google
cust-fr-000189,fr,bernard.bouchet.cust-fr-000189@example.test,Bernard,Bouchet,JourdanBourg,2024-12-20T15:53:28.378411Z,meta
cust-fr-000190,fr,henriette.dias.cust-fr-000190@example.test,Henriette,Dias,LemoineVille,2024-12-23T09:29:58.985408Z,meta
cust-fr-000191,fr,genevive.leblanc.cust-fr-000191@example.test,Geneviève,Leblanc,Leleu,2024-12-27T09:48:47.339911Z,google
cust-fr-000192,fr,honor.delaunay.cust-fr-000192@example.test,Honoré,Delaunay,Dufour-la-Forêt,2024-12-27T19:38:26.600303Z,organic
cust-fr-000193,fr,bernadette.rey.cust-fr-000193@example.test,Bernadette,Rey,Ledoux-sur-Guyon,2024-12-29T19:41:40.051359Z,email
cust-fr-000194,fr,martine.durand.cust-fr-000194@example.test,Martine,Durand,De Oliveira,2024-12-31T19:01:55.346065Z,google
