id,customer_id,market,created_at,currency,subtotal,discount,shipping,tax,total,discount_code,is_repeat
ord-000000001,cust-de-000212,de,2024-01-05T15:11:44.089337Z,EUR,37.90,0.00,4.90,8.13,50.93,,False
ord-000000002,cust-fr-000069,fr,2024-01-08T09:25:10.681040Z,EUR,280.90,0.00,5.90,57.36,344.16,,False
ord-000000003,cust-de-000242,de,2024-01-12T19:27:47.194753Z,EUR,257.00,0.00,4.90,49.76,311.66,,False
ord-000000004,cust-de-000235,de,2024-01-12T19:04:26.448247Z,EUR,340.80,0.00,4.90,65.68,411.38,,False
ord-000000005,cust-de-000201,de,2024-01-12T16:33:46.952891Z,EUR,109.80,15.98,4.90,18.76,117.48,SAVE15,False
ord-000000006,cust-de-000124,de,2024-01-14T20:54:49.745094Z,EUR,27.90,0.00,4.90,6.23,39.03,,False
ord-000000007,cust-de-000213,de,2024-01-15T01:04:57.914029Z,EUR,28.90,0.00,4.90,6.42,40.22,,False
ord-000000008,cust-de-000201,de,2024-01-17T19:55:13.657079Z,EUR,119.80,0.00,4.90,23.69,148.39,,True
ord-000000009,cust-fr-000006,fr,2024-01-17T11:35:25.876850Z,EUR,184.90,0.00,5.90,38.16,228.96,,False
ord-000000010,cust-de-000124,de,2024-01-20T13:38:44.423350Z,EUR,38.90,0.00,4.90,8.32,52.12,,True
ord-000000011,cust-de-000154,de,2024-01-20T20:44:21.422042Z,EUR,139.90,0.00,4.90,27.51,172.31,,False
ord-000000012,cust-de-000195,de,2024-01-24T05:28:16.415520Z,EUR,113.00,0.00,4.90,22.40,140.30,,False
ord-000000013,cust-fr-000149,fr,2024-01-24T19:43:59.250382Z,EUR,633.00,0.00,5.90,127.78,766.68,,False
ord-000000014,cust-de-000113,de,2024-01-25T17:40:39.915245Z,EUR,140.70,0.00,4.90,27.66,173.26,,False
ord-000000015,cust-de-000192,de,2024-01-26T03:42:22.154805Z,EUR,65.90,10.50,4.90,11.46,71.76,SAVE16,False
ord-000000016,cust-fr-000128,fr,2024-01-26T17:35:47.618823Z,EUR,38.90,6.16,5.90,7.73,46.37,SAVE16,False
ord-000000017,cust-fr-000064,fr,2024-01-31T11:51:48.775697Z,EUR,921.00,0.00,5.90,185.38,1112.28,,False
ord-000000018,cust-fr-000185,fr,2024-01-31T20:20:53.105328Z,EUR,558.00,0.00,5.90,112.78,676.68,,False
ord-000000019,cust-at-000022,at,2024-02-03T21:55:07.839871Z,EUR,544.80,78.94,5.90,94.35,566.11,SAVE14,False
ord-000000020,cust-fr-000180,fr,2024-02-03T18:37:08.349868Z,EUR,312.00,0.00,5.90,63.58,381.48,,False
ord-000000021,cust-fr-000128,fr,2024-02-04T08:55:01.333206Z,EUR,202.90,25.55,5.90,36.65,219.90,SAVE13,True
ord-000000022,cust-fr-000056,fr,2024-02-05T02:20:48.882979Z,EUR,218.00,0.00,5.90,44.78,268.68,,False
ord-000000023,cust-fr-000173,fr,2024-02-06T22:39:04.179004Z,EUR,153.00,0.00,5.90,31.78,190.68,,False
ord-000000024,cust-de-000235,de,2024-02-08T18:14:21.138751Z,EUR,109.00,15.38,4.90,18.72,117.24,SAVE14,True
ord-000000025,cust-de-000011,de,2024-02-08T17:52:28.208163Z,EUR,103.80,0.00,4.90,20.65,129.35,,False
ord-000000026,cust-fr-000192,fr,2024-02-09T19:05:08.067141Z,EUR,246.90,0.00,5.90,50.56,303.36,,False
ord-000000027,cust-de-000147,de,2024-02-11T15:48:12.738389Z,EUR,212.80,0.00,4.90,41.36,259.06,,False
ord-000000028,cust-fr-000040,fr,2024-02-12T20:47:55.003098Z,EUR,421.00,0.00,5.90,85.38,512.28,,False
ord-000000029,cust-de-000011,de,2024-02-13T10:47:19.585633Z,EUR,267.80,0.00,4.90,51.81,324.51,,True
ord-000000030,cust-fr-000188,fr,2024-02-13T21:40:09.928211Z,EUR,71.90,0.00,5.90,15.56,93.36,,False
ord-000000031,cust-de-000139,de,2024-02-15T08:18:19.914298Z,EUR,143.70,0.00,4.90,28.23,176.83,,False
ord-000000032,cust-fr-000056,fr,2024-02-15T01:51:57.139222Z,EUR,143.90,0.00,5.90,29.96,179.76,,True
ord-000000033,cust-de-000031,de,2024-02-16T03:14:30.894047Z,EUR,218.00,0.00,4.90,42.35,265.25,,False
ord-000000034,cust-at-000022,at,2024-02-21T10:22:00.105110Z,EUR,152.00,0.00,5.90,31.58,189.48,,True
ord-000000035,cust-fr-000039,fr,2024-02-23T13:58:43.225669Z,EUR,312.00,0.00,5.90,63.58,381.48,,False
ord-000000036,cust-fr-000017,fr,2024-02-23T23:39:17.663170Z,EUR,201.60,0.00,5.90,41.50,249.00,,False
ord-000000037,cust-fr-000188,fr,2024-02-29T17:23:44.173442Z,EUR,478.90,0.00,5.90,96.96,581.76,,True
ord-000000038,cust-de-000105,de,2024-03-03T10:55:02.876309Z,EUR,247.90,0.00,4.90,48.03,300.83,,False
ord-000000039,cust-fr-000097,fr,2024-03-03T23:17:49.357927Z,EUR,254.80,0.00,5.90,52.14,312.84,,False
ord-000000040,cust-fr-000188,fr,2024-03-03T03:41:09.292913Z,EUR,153.80,0.00,5.90,31.94,191.64,,True
ord-000000041,cust-de-000004,de,2024-03-06T22:14:24.330170Z,EUR,109.00,12.45,4.90,19.28,120.73,SAVE11,False
ord-000000042,cust-fr-000147,fr,2024-03-07T22:52:17.053958Z,EUR,108.80,0.00,5.90,22.94,137.64,,False
ord-000000043,cust-fr-000090,fr,2024-03-08T12:31:30.123957Z,EUR,77.90,9.42,5.90,14.88,89.26,SAVE12,False
ord-000000044,cust-de-000105,de,2024-03-09T19:26:50.140775Z,EUR,53.90,0.00,4.90,11.17,69.97,,True
ord-000000045,cust-fr-000147,fr,2024-03-10T22:17:59.651428Z,EUR,188.90,0.00,5.90,38.96,233.76,,True
ord-000000046,cust-fr-000029,fr,2024-03-11T23:28:23.152436Z,EUR,122.00,0.00,5.90,25.58,153.48,,False
ord-000000047,cust-at-000027,at,2024-03-12T22:19:21.116863Z,EUR,37.90,0.00,5.90,8.76,52.56,,False
ord-000000048,cust-fr-000096,fr,2024-03-12T23:26:11.938538Z,EUR,53.90,12.31,5.90,9.50,56.99,SAVE23,False
ord-000000049,cust-fr-000072,fr,2024-03-16T12:47:52.783569Z,EUR,310.90,64.39,5.90,50.48,302.89,SAVE21,False
ord-000000050,cust-fr-000054,fr,2024-03-16T05:45:57.509131Z,EUR,362.00,36.96,5.90,66.19,397.13,SAVE10,False
ord-000000051,cust-de-000232,de,2024-03-18T22:18:06.529882Z,EUR,246.70,36.31,4.90,40.91,256.20,SAVE15,False
ord-000000052,cust-de-000087,de,2024-03-18T00:49:13.101104Z,EUR,27.90,0.00,4.90,6.23,39.03,,False
ord-000000053,cust-de-000200,de,2024-03-18T10:45:25.869966Z,EUR,380.80,93.56,4.90,55.51,347.65,SAVE25,False
ord-000000054,cust-fr-000078,fr,2024-03-18T12:03:37.041062Z,EUR,38.90,0.00,5.90,8.96,53.76,,False
ord-000000055,cust-de-000103,de,2024-03-20T17:18:17.903923Z,EUR,324.90,40.77,4.90,54.92,343.95,SAVE13,False
ord-000000056,cust-de-000041,de,2024-03-20T06:12:19.340192Z,EUR,71.90,0.00,4.90,14.59,91.39,,False
ord-000000057,cust-de-000235,de,2024-03-20T17:14:00.585885Z,EUR,185.90,0.00,4.90,36.25,227.05,,True
ord-000000058,cust-fr-000162,fr,2024-03-21T04:33:39.906658Z,EUR,77.90,0.00,5.90,16.76,100.56,,False
ord-000000059,cust-fr-000120,fr,2024-03-21T15:41:22.312830Z,EUR,209.00,0.00,5.90,42.98,257.88,,False
ord-000000060,cust-de-000188,de,2024-03-22T07:07:29.437147Z,EUR,74.90,12.76,4.90,12.74,79.78,SAVE17,False
ord-000000061,cust-de-000060,de,2024-03-22T06:17:07.846762Z,EUR,38.90,0.00,4.90,8.32,52.12,,False
ord-000000062,cust-de-000228,de,2024-03-23T16:45:34.710439Z,EUR,37.90,0.00,4.90,8.13,50.93,,False
ord-000000063,cust-de-000210,de,2024-03-23T03:02:15.111639Z,EUR,103.00,0.00,4.90,20.50,128.40,,False
ord-000000064,cust-fr-000099,fr,2024-03-23T15:33:41.560001Z,EUR,510.80,0.00,5.90,103.34,620.04,,False
ord-000000065,cust-fr-000069,fr,2024-03-23T18:20:27.774203Z,EUR,534.90,114.04,5.90,85.35,512.11,SAVE21,True
ord-000000066,cust-at-000009,at,2024-03-24T17:29:00.833300Z,EUR,209.00,30.53,5.90,36.87,221.24,SAVE15,False
ord-000000067,cust-de-000050,de,2024-03-24T12:31:16.108105Z,EUR,72.90,0.00,4.90,14.78,92.58,,False
ord-000000068,cust-de-000097,de,2024-03-24T06:53:57.668802Z,EUR,572.90,65.94,4.90,97.25,609.11,SAVE12,False
ord-000000069,cust-fr-000078,fr,2024-03-24T23:39:52.969801Z,EUR,312.00,66.96,5.90,50.19,301.13,SAVE21,True
ord-000000070,cust-fr-000019,fr,2024-03-25T04:05:15.569212Z,EUR,708.90,144.26,5.90,114.11,684.65,SAVE20,False
ord-000000071,cust-fr-000017,fr,2024-03-26T19:05:33.405466Z,EUR,153.80,0.00,5.90,31.94,191.64,,True
ord-000000072,cust-at-000042,at,2024-03-27T06:19:10.613186Z,EUR,67.80,0.00,5.90,14.74,88.44,,False
ord-000000073,cust-de-000010,de,2024-03-27T08:45:40.082130Z,EUR,93.90,20.75,4.90,14.83,92.88,SAVE22,False
ord-000000074,cust-at-000023,at,2024-03-29T18:08:44.904401Z,EUR,113.00,0.00,5.90,23.78,142.68,,False
ord-000000075,cust-de-000031,de,2024-03-29T21:25:15.585150Z,EUR,147.90,0.00,4.90,29.03,181.83,,True
ord-000000076,cust-de-000133,de,2024-03-29T22:21:59.993501Z,EUR,72.90,0.00,4.90,14.78,92.58,,False
ord-000000077,cust-de-000143,de,2024-03-31T18:10:34.990988Z,EUR,61.80,0.00,4.90,12.67,79.37,,False
ord-000000078,cust-de-000170,de,2024-04-01T11:33:10.834323Z,EUR,113.80,0.00,4.90,22.55,141.25,,False
ord-000000079,cust-de-000207,de,2024-04-02T06:33:20.725118Z,EUR,366.00,0.00,4.90,70.47,441.37,,False
ord-000000080,cust-de-000056,de,2024-04-03T17:21:34.876595Z,EUR,85.90,0.00,4.90,17.25,108.05,,False
ord-000000081,cust-de-000066,de,2024-04-03T04:37:57.376376Z,EUR,404.00,0.00,4.90,77.69,486.59,,False
ord-000000082,cust-de-000218,de,2024-04-04T23:01:05.899875Z,EUR,109.00,0.00,4.90,21.64,135.54,,False
ord-000000083,cust-fr-000160,fr,2024-04-04T11:57:59.043317Z,EUR,30.90,6.00,5.90,6.16,36.96,SAVE19,False
ord-000000084,cust-fr-000132,fr,2024-04-04T22:29:22.219429Z,EUR,274.90,0.00,5.90,56.16,336.96,,False
ord-000000085,cust-de-000147,de,2024-04-06T21:53:34.541411Z,EUR,109.00,26.65,4.90,16.58,103.83,SAVE24,True
ord-000000086,cust-fr-000190,fr,2024-04-06T18:45:18.648524Z,EUR,143.80,0.00,5.90,29.94,179.64,,False
ord-000000087,cust-fr-000097,fr,2024-04-06T08:09:11.553479Z,EUR,77.90,9.39,5.90,14.88,89.29,SAVE12,True
ord-000000088,cust-at-000012,at,2024-04-07T11:58:57.814202Z,EUR,71.90,0.00,5.90,15.56,93.36,,False
ord-000000089,cust-de-000047,de,2024-04-08T15:43:11.647851Z,EUR,466.00,0.00,4.90,89.47,560.37,,False
ord-000000090,cust-de-000107,de,2024-04-09T00:37:27.903666Z,EUR,28.90,0.00,4.90,6.42,40.22,,False
ord-000000091,cust-at-000012,at,2024-04-11T22:48:57.442302Z,EUR,122.80,0.00,5.90,25.74,154.44,,True
ord-000000092,cust-de-000243,de,2024-04-12T04:44:22.449280Z,EUR,149.80,0.00,4.90,29.39,184.09,,False
ord-000000093,cust-fr-000161,fr,2024-04-12T06:55:30.979801Z,EUR,114.80,28.60,5.90,18.42,110.52,SAVE25,False
ord-000000094,cust-fr-000021,fr,2024-04-12T19:45:01.659789Z,EUR,603.90,125.01,5.90,96.96,581.75,SAVE21,False
ord-000000095,cust-fr-000148,fr,2024-04-12T17:30:21.063709Z,EUR,427.90,0.00,5.90,86.76,520.56,,False
ord-000000096,cust-de-000005,de,2024-04-13T05:25:06.976767Z,EUR,360.00,0.00,4.90,69.33,434.23,,False
ord-000000097,cust-de-000086,de,2024-04-14T11:19:30.493553Z,EUR,91.80,0.00,4.90,18.37,115.07,,False
ord-000000098,cust-de-000161,de,2024-04-15T12:16:02.821160Z,EUR,121.80,0.00,4.90,24.07,150.77,,False
ord-000000099,cust-de-000051,de,2024-04-15T16:31:48.191182Z,EUR,384.70,0.00,4.90,74.02,463.62,,False
ord-000000100,cust-fr-000067,fr,2024-04-15T15:25:38.245238Z,EUR,193.00,0.00,5.90,39.78,238.68,,False
ord-000000101,cust-de-000239,de,2024-04-16T19:22:43.453321Z,EUR,174.90,0.00,4.90,34.16,213.96,,False
ord-000000102,cust-de-000073,de,2024-04-21T02:24:45.100922Z,EUR,131.70,0.00,4.90,25.95,162.55,,False
ord-000000103,cust-fr-000155,fr,2024-04-21T18:05:53.424400Z,EUR,356.90,0.00,5.90,72.56,435.36,,False
ord-000000104,cust-de-000151,de,2024-04-23T01:48:12.044845Z,EUR,92.90,0.00,4.90,18.58,116.38,,False
ord-000000105,cust-fr-000193,fr,2024-04-23T18:29:22.161106Z,EUR,113.00,0.00,5.90,23.78,142.68,,False
ord-000000106,cust-de-000198,de,2024-04-26T17:44:16.047947Z,EUR,137.80,0.00,4.90,27.11,169.81,,False
ord-000000107,cust-fr-000043,fr,2024-04-26T16:24:44.180726Z,EUR,30.90,0.00,5.90,7.36,44.16,,False
ord-000000108,cust-fr-000060,fr,2024-04-26T18:53:11.714134Z,EUR,209.00,0.00,5.90,42.98,257.88,,False
ord-000000109,cust-de-000201,de,2024-04-27T10:21:05.899522Z,EUR,53.90,0.00,4.90,11.17,69.97,,True
ord-000000110,cust-fr-000046,fr,2024-04-27T07:37:31.209727Z,EUR,131.80,21.38,5.90,23.26,139.58,SAVE16,False
ord-000000111,cust-fr-000078,fr,2024-04-27T05:59:20.962401Z,EUR,523.90,84.98,5.90,88.96,533.78,SAVE16,True
ord-000000112,cust-de-000239,de,2024-04-29T03:31:01.645810Z,EUR,193.00,0.00,4.90,37.60,235.50,,True
ord-000000113,cust-fr-000070,fr,2024-04-29T03:34:53.275737Z,EUR,159.80,0.00,5.90,33.14,198.84,,False
ord-000000114,cust-fr-000033,fr,2024-04-29T03:34:49.513487Z,EUR,254.80,0.00,5.90,52.14,312.84,,False
ord-000000115,cust-at-000023,at,2024-05-01T16:24:57.608947Z,EUR,113.00,0.00,5.90,23.78,142.68,,True
ord-000000116,cust-de-000187,de,2024-05-01T05:52:15.784270Z,EUR,225.90,52.48,4.90,33.88,212.20,SAVE23,False
ord-000000117,cust-de-000223,de,2024-05-01T07:47:08.649381Z,EUR,171.80,0.00,4.90,33.57,210.27,,False
ord-000000118,cust-fr-000038,fr,2024-05-01T12:25:44.708937Z,EUR,65.90,0.00,5.90,14.36,86.16,,False
ord-000000119,cust-de-000017,de,2024-05-02T04:23:58.689185Z,EUR,180.90,0.00,4.90,35.30,221.10,,False
ord-000000120,cust-de-000057,de,2024-05-03T01:35:32.882245Z,EUR,366.00,63.90,4.90,58.33,365.33,SAVE17,False
ord-000000121,cust-de-000015,de,2024-05-03T18:58:50.747306Z,EUR,109.00,0.00,4.90,21.64,135.54,,False
ord-000000122,cust-fr-000152,fr,2024-05-03T02:21:14.097060Z,EUR,71.90,0.00,5.90,15.56,93.36,,False
ord-000000123,cust-fr-000152,fr,2024-05-04T18:17:23.109017Z,EUR,65.90,0.00,5.90,14.36,86.16,,True
ord-000000124,cust-de-000057,de,2024-05-06T05:31:20.912510Z,EUR,757.80,0.00,4.90,144.91,907.61,,True
ord-000000125,cust-fr-000132,fr,2024-05-06T18:21:12.172533Z,EUR,65.90,0.00,5.90,14.36,86.16,,True
ord-000000126,cust-de-000051,de,2024-05-08T10:36:20.252771Z,EUR,113.00,22.41,4.90,18.14,113.63,SAVE20,True
ord-000000127,cust-de-000239,de,2024-05-09T15:49:24.746527Z,EUR,527.80,0.00,4.90,101.21,633.91,,True
ord-000000128,cust-de-000015,de,2024-05-10T04:04:42.867093Z,EUR,93.90,0.00,4.90,18.77,117.57,,True
ord-000000129,cust-de-000239,de,2024-05-10T22:30:17.749371Z,EUR,497.80,0.00,4.90,95.51,598.21,,True
ord-000000130,cust-de-000098,de,2024-05-10T16:09:35.565759Z,EUR,468.90,96.92,4.90,71.61,448.49,SAVE21,False
ord-000000131,cust-de-000176,de,2024-05-10T10:54:01.066611Z,EUR,72.90,9.06,4.90,13.06,81.80,SAVE12,False
ord-000000132,cust-de-000143,de,2024-05-10T22:39:17.031674Z,EUR,33.90,0.00,4.90,7.37,46.17,,True
ord-000000133,cust-de-000016,de,2024-05-11T23:54:15.761240Z,EUR,312.00,48.83,4.90,50.93,319.00,SAVE16,False
ord-000000134,cust-fr-000052,fr,2024-05-11T08:29:33.386437Z,EUR,71.90,9.17,5.90,13.73,82.36,SAVE13,False
ord-000000135,cust-fr-000060,fr,2024-05-11T21:59:04.668417Z,EUR,209.00,0.00,5.90,42.98,257.88,,True
ord-000000136,cust-at-000003,at,2024-05-12T14:29:57.195330Z,EUR,246.90,0.00,5.90,50.56,303.36,,False
ord-000000137,cust-de-000218,de,2024-05-12T12:10:25.032941Z,EUR,330.00,0.00,4.90,63.63,398.53,,True
ord-000000138,cust-de-000158,de,2024-05-12T17:26:53.742275Z,EUR,362.00,0.00,4.90,69.71,436.61,,False
ord-000000139,cust-de-000071,de,2024-05-13T22:21:47.055129Z,EUR,441.00,0.00,4.90,84.72,530.62,,False
ord-000000140,cust-fr-000110,fr,2024-05-13T02:37:39.704940Z,EUR,633.00,122.80,5.90,103.22,619.32,SAVE19,False
ord-000000141,cust-fr-000074,fr,2024-05-13T08:30:54.885813Z,EUR,366.00,81.51,5.90,58.08,348.47,SAVE22,False
ord-000000142,cust-de-000084,de,2024-05-14T10:32:39.845344Z,EUR,103.80,12.44,4.90,18.29,114.55,SAVE12,False
ord-000000143,cust-de-000041,de,2024-05-14T06:50:12.309254Z,EUR,65.90,0.00,4.90,13.45,84.25,,True
ord-000000144,cust-fr-000108,fr,2024-05-14T13:20:57.274315Z,EUR,153.00,0.00,5.90,31.78,190.68,,False
ord-000000145,cust-at-000018,at,2024-05-15T00:53:43.609263Z,EUR,75.90,0.00,5.90,16.36,98.16,,False
ord-000000146,cust-de-000047,de,2024-05-16T17:02:17.639071Z,EUR,206.80,0.00,4.90,40.22,251.92,,True
ord-000000147,cust-de-000156,de,2024-05-17T15:19:46.350874Z,EUR,397.00,0.00,4.90,76.36,478.26,,False
ord-000000148,cust-de-000003,de,2024-05-18T22:37:12.800350Z,EUR,227.90,0.00,4.90,44.23,277.03,,False
ord-000000149,cust-fr-000017,fr,2024-05-18T13:06:19.071367Z,EUR,131.80,0.00,5.90,27.54,165.24,,True
ord-000000150,cust-fr-000194,fr,2024-05-18T02:26:34.309427Z,EUR,109.00,23.85,5.90,18.21,109.26,SAVE22,False
ord-000000151,cust-de-000092,de,2024-05-19T12:09:19.294027Z,EUR,85.90,9.46,4.90,15.45,96.79,SAVE11,False
ord-000000152,cust-de-000244,de,2024-05-20T02:29:03.287181Z,EUR,533.90,0.00,4.90,102.37,641.17,,False
ord-000000153,cust-fr-000045,fr,2024-05-20T00:55:45.632746Z,EUR,153.00,0.00,5.90,31.78,190.68,,False
ord-000000154,cust-de-000123,de,2024-05-21T14:02:36.771789Z,EUR,122.00,0.00,4.90,24.11,151.01,,False
ord-000000155,cust-de-000218,de,2024-05-22T10:11:02.667458Z,EUR,71.90,14.29,4.90,11.88,74.39,SAVE20,True
ord-000000156,cust-fr-000177,fr,2024-05-22T10:32:33.106140Z,EUR,254.80,59.09,5.90,40.32,241.93,SAVE23,False
ord-000000157,cust-at-000008,at,2024-05-23T15:33:04.035677Z,EUR,226.90,40.64,5.90,38.43,230.59,SAVE18,False
ord-000000158,cust-de-000222,de,2024-05-23T12:16:05.343960Z,EUR,431.90,73.85,4.90,68.96,431.91,SAVE17,False
ord-000000159,cust-de-000156,de,2024-05-23T08:12:52.048018Z,EUR,171.80,0.00,4.90,33.57,210.27,,True
ord-000000160,cust-de-000090,de,2024-05-23T02:04:21.475876Z,EUR,74.90,0.00,4.90,15.16,94.96,,False
ord-000000161,cust-fr-000168,fr,2024-05-23T13:29:11.695799Z,EUR,633.00,0.00,5.90,127.78,766.68,,False
ord-000000162,cust-at-000041,at,2024-05-25T13:25:18.528559Z,EUR,126.80,13.25,5.90,23.89,143.34,SAVE10,False
ord-000000163,cust-de-000028,de,2024-05-25T00:09:40.243751Z,EUR,30.90,0.00,4.90,6.80,42.60,,False
ord-000000164,cust-de-000040,de,2024-05-25T10:32:27.932285Z,EUR,144.80,0.00,4.90,28.44,178.14,,False
ord-000000165,cust-de-000205,de,2024-05-25T10:22:33.780527Z,EUR,103.00,0.00,4.90,20.50,128.40,,False
ord-000000166,cust-fr-000009,fr,2024-05-25T17:54:25.939215Z,EUR,222.00,50.13,5.90,35.55,213.32,SAVE23,False
ord-000000167,cust-fr-000047,fr,2024-05-25T14:38:26.117529Z,EUR,30.90,5.82,5.90,6.20,37.18,SAVE19,False
ord-000000168,cust-de-000146,de,2024-05-27T23:42:37.923458Z,EUR,99.80,0.00,4.90,19.89,124.59,,False
ord-000000169,cust-fr-000097,fr,2024-05-27T09:08:33.246071Z,EUR,183.90,0.00,5.90,37.96,227.76,,True
ord-000000170,cust-de-000003,de,2024-05-28T05:28:44.835610Z,EUR,64.80,0.00,4.90,13.24,82.94,,True
ord-000000171,cust-at-000033,at,2024-05-30T11:57:31.319312Z,EUR,224.80,0.00,5.90,46.14,276.84,,False
ord-000000172,cust-de-000061,de,2024-05-30T19:29:33.263679Z,EUR,71.90,0.00,4.90,14.59,91.39,,False
ord-000000173,cust-fr-000166,fr,2024-05-30T10:41:51.302114Z,EUR,38.90,0.00,5.90,8.96,53.76,,False
ord-000000174,cust-de-000179,de,2024-05-31T21:57:47.958083Z,EUR,33.90,0.00,4.90,7.37,46.17,,False
ord-000000175,cust-at-000031,at,2024-06-02T12:01:44.469137Z,EUR,265.90,44.14,5.90,45.53,273.19,SAVE17,False
ord-000000176,cust-de-000233,de,2024-06-03T07:41:38.462995Z,EUR,441.00,0.00,4.90,84.72,530.62,,False
ord-000000177,cust-de-000076,de,2024-06-03T16:02:33.524508Z,EUR,92.90,0.00,4.90,18.58,116.38,,False
ord-000000178,cust-fr-000029,fr,2024-06-03T05:11:58.174272Z,EUR,735.80,0.00,5.90,148.34,890.04,,True
ord-000000179,cust-de-000198,de,2024-06-04T05:55:46.639541Z,EUR,53.90,0.00,4.90,11.17,69.97,,True
ord-000000180,cust-de-000110,de,2024-06-06T09:07:11.861286Z,EUR,193.00,0.00,4.90,37.60,235.50,,False
ord-000000181,cust-de-000226,de,2024-06-06T18:58:34.198318Z,EUR,122.00,0.00,4.90,24.11,151.01,,False
ord-000000182,cust-de-000172,de,2024-06-06T04:06:14.700951Z,EUR,326.00,0.00,4.90,62.87,393.77,,False
ord-000000183,cust-de-000156,de,2024-06-07T18:02:48.523914Z,EUR,74.90,0.00,4.90,15.16,94.96,,True
ord-000000184,cust-fr-000056,fr,2024-06-08T18:12:03.364698Z,EUR,139.90,0.00,5.90,29.16,174.96,,True
ord-000000185,cust-de-000167,de,2024-06-09T23:05:06.959158Z,EUR,123.80,21.94,4.90,20.28,127.04,SAVE18,False
ord-000000186,cust-de-000037,de,2024-06-09T19:05:56.688415Z,EUR,511.70,0.00,4.90,98.15,614.75,,False
ord-000000187,cust-de-000050,de,2024-06-09T06:00:14.778962Z,EUR,186.90,0.00,4.90,36.44,228.24,,True
ord-000000188,cust-de-000199,de,2024-06-10T22:16:06.058717Z,EUR,77.90,9.55,4.90,13.92,87.17,SAVE12,False
ord-000000189,cust-de-000255,de,2024-06-11T01:52:41.578263Z,EUR,229.60,0.00,4.90,44.56,279.06,,False
ord-000000190,cust-at-000020,at,2024-06-12T05:19:02.654346Z,EUR,170.90,0.00,5.90,35.36,212.16,,False
ord-000000191,cust-fr-000181,fr,2024-06-12T00:22:26.172483Z,EUR,397.00,44.27,5.90,71.73,430.36,SAVE11,False
ord-000000192,cust-de-000102,de,2024-06-13T02:46:55.790379Z,EUR,507.00,0.00,4.90,97.26,609.16,,False
ord-000000193,cust-de-000195,de,2024-06-14T14:59:04.897978Z,EUR,138.80,0.00,4.90,27.30,171.00,,True
ord-000000194,cust-de-000196,de,2024-06-14T00:57:30.982327Z,EUR,71.80,0.00,4.90,14.57,91.27,,False
ord-000000195,cust-fr-000083,fr,2024-06-14T06:47:57.624505Z,EUR,663.00,0.00,5.90,133.78,802.68,,False
ord-000000196,cust-de-000029,de,2024-06-15T16:13:18.623292Z,EUR,227.90,0.00,4.90,44.23,277.03,,False
ord-000000197,cust-fr-000084,fr,2024-06-17T23:41:07.486299Z,EUR,402.90,0.00,5.90,81.76,490.56,,False
ord-000000198,cust-de-000209,de,2024-06-18T04:36:55.933079Z,EUR,286.90,68.48,4.90,42.43,265.75,SAVE24,False
ord-000000199,cust-fr-000093,fr,2024-06-18T20:46:13.312325Z,EUR,206.80,0.00,5.90,42.54,255.24,,False
ord-000000200,cust-de-000169,de,2024-06-19T08:18:14.474929Z,EUR,85.90,0.00,4.90,17.25,108.05,,False
ord-000000201,cust-de-000180,de,2024-06-20T11:56:41.031986Z,EUR,100.80,10.62,4.90,18.07,113.15,SAVE11,False
ord-000000202,cust-de-000050,de,2024-06-20T04:16:03.169693Z,EUR,109.00,0.00,4.90,21.64,135.54,,True
ord-000000203,cust-de-000069,de,2024-06-21T03:06:48.508436Z,EUR,126.80,0.00,4.90,25.02,156.72,,False
ord-000000204,cust-de-000257,de,2024-06-21T11:57:04.397078Z,EUR,153.00,19.63,4.90,26.27,164.54,SAVE13,False
ord-000000205,cust-de-000239,de,2024-06-21T04:43:39.056907Z,EUR,71.90,11.85,4.90,12.34,77.29,SAVE16,True
ord-000000206,cust-fr-000042,fr,2024-06-22T23:46:14.204259Z,EUR,122.00,0.00,5.90,25.58,153.48,,False
ord-000000207,cust-de-000021,de,2024-06-27T07:33:25.500523Z,EUR,38.90,0.00,4.90,8.32,52.12,,False
ord-000000208,cust-fr-000118,fr,2024-06-27T02:58:35.312042Z,EUR,150.80,0.00,5.90,31.34,188.04,,False
ord-000000209,cust-fr-000175,fr,2024-06-27T18:05:02.448681Z,EUR,108.80,21.86,5.90,18.57,111.41,SAVE20,False
ord-000000210,cust-fr-000184,fr,2024-06-28T20:23:30.382291Z,EUR,30.90,0.00,5.90,7.36,44.16,,False
ord-000000211,cust-fr-000014,fr,2024-06-28T16:41:06.560712Z,EUR,738.90,0.00,5.90,148.96,893.76,,False
ord-000000212,cust-de-000102,de,2024-06-29T08:52:02.298390Z,EUR,478.90,76.29,4.90,77.43,484.94,SAVE16,True
ord-000000213,cust-at-000005,at,2024-06-30T18:21:19.838737Z,EUR,153.00,0.00,5.90,31.78,190.68,,False
ord-000000214,cust-at-000001,at,2024-07-02T12:00:27.269085Z,EUR,177.70,0.00,5.90,36.72,220.32,,False
ord-000000215,cust-de-000171,de,2024-07-02T11:30:09.220230Z,EUR,584.80,0.00,4.90,112.04,701.74,,False
ord-000000216,cust-de-000230,de,2024-07-02T12:13:23.547062Z,EUR,109.80,13.03,4.90,19.32,120.99,SAVE12,False
ord-000000217,cust-fr-000085,fr,2024-07-02T06:07:30.048925Z,EUR,215.90,24.79,5.90,39.40,236.41,SAVE11,False
ord-000000218,cust-de-000233,de,2024-07-03T04:58:37.016420Z,EUR,37.90,0.00,4.90,8.13,50.93,,True
ord-000000219,cust-fr-000121,fr,2024-07-03T09:41:58.951876Z,EUR,330.00,0.00,5.90,67.18,403.08,,False
ord-000000220,cust-at-000014,at,2024-07-04T15:41:44.494058Z,EUR,184.90,0.00,5.90,38.16,228.96,,False
ord-000000221,cust-de-000081,de,2024-07-06T04:12:00.428741Z,EUR,28.90,5.85,4.90,5.31,33.26,SAVE20,False
ord-000000222,cust-de-000086,de,2024-07-09T20:56:45.622329Z,EUR,38.90,0.00,4.90,8.32,52.12,,True
ord-000000223,cust-de-000167,de,2024-07-09T00:47:10.224694Z,EUR,71.90,0.00,4.90,14.59,91.39,,True
ord-000000224,cust-de-000067,de,2024-07-10T04:41:54.666430Z,EUR,237.90,0.00,4.90,46.13,288.93,,False
ord-000000225,cust-de-000094,de,2024-07-10T20:18:30.084135Z,EUR,74.90,9.17,4.90,13.42,84.05,SAVE12,False
ord-000000226,cust-de-000123,de,2024-07-10T06:47:42.870599Z,EUR,94.80,0.00,4.90,18.94,118.64,,True
ord-000000227,cust-de-000184,de,2024-07-11T09:42:50.261949Z,EUR,209.00,0.00,4.90,40.64,254.54,,False
ord-000000228,cust-de-000211,de,2024-07-11T03:06:51.021222Z,EUR,231.00,0.00,4.90,44.82,280.72,,False
ord-000000229,cust-fr-000174,fr,2024-07-11T01:47:53.234556Z,EUR,633.00,0.00,5.90,127.78,766.68,,False
ord-000000230,cust-de-000153,de,2024-07-12T00:17:35.415995Z,EUR,193.90,30.75,4.90,31.93,199.98,SAVE16,False
ord-000000231,cust-fr-000089,fr,2024-07-12T00:04:24.479460Z,EUR,30.90,0.00,5.90,7.36,44.16,,False
ord-000000232,cust-fr-000136,fr,2024-07-12T14:50:41.876433Z,EUR,106.80,23.30,5.90,17.88,107.28,SAVE22,False
ord-000000233,cust-de-000108,de,2024-07-13T00:35:55.482896Z,EUR,785.00,0.00,4.90,150.08,939.98,,False
ord-000000234,cust-de-000018,de,2024-07-13T13:38:42.448276Z,EUR,193.00,34.86,4.90,30.98,194.02,SAVE18,False
ord-000000235,cust-de-000190,de,2024-07-13T15:44:34.348714Z,EUR,1122.90,195.27,4.90,177.18,1109.71,SAVE17,False
ord-000000236,cust-fr-000143,fr,2024-07-13T23:29:29.067744Z,EUR,128.80,0.00,5.90,26.94,161.64,,False
ord-000000237,cust-de-000193,de,2024-07-15T05:24:06.611826Z,EUR,144.80,0.00,4.90,28.44,178.14,,False
ord-000000238,cust-fr-000149,fr,2024-07-15T15:40:53.345237Z,EUR,162.90,0.00,5.90,33.76,202.56,,True
ord-000000239,cust-fr-000060,fr,2024-07-16T22:03:40.789385Z,EUR,71.90,0.00,5.90,15.56,93.36,,True
ord-000000240,cust-fr-000025,fr,2024-07-20T07:14:34.261475Z,EUR,479.90,67.81,5.90,83.60,501.59,SAVE14,False
ord-000000241,cust-fr-000053,fr,2024-07-20T11:44:40.634588Z,EUR,215.90,0.00,5.90,44.36,266.16,,False
ord-000000242,cust-de-000077,de,2024-07-21T01:04:42.937263Z,EUR,113.00,0.00,4.90,22.40,140.30,,False
ord-000000243,cust-at-000005,at,2024-07-22T00:58:19.109447Z,EUR,135.70,0.00,5.90,28.32,169.92,,True
ord-000000244,cust-fr-000055,fr,2024-07-22T18:37:11.781423Z,EUR,427.90,91.91,5.90,68.38,410.27,SAVE21,False
ord-000000245,cust-fr-000050,fr,2024-07-22T06:30:47.934676Z,EUR,224.90,0.00,5.90,46.16,276.96,,False
ord-000000246,cust-de-000202,de,2024-07-23T04:30:18.655699Z,EUR,147.80,0.00,4.90,29.01,181.71,,False
ord-000000247,cust-fr-000115,fr,2024-07-23T07:12:27.619412Z,EUR,153.00,0.00,5.90,31.78,190.68,,False
ord-000000248,cust-fr-000007,fr,2024-07-24T07:36:39.225186Z,EUR,192.90,0.00,5.90,39.76,238.56,,False
ord-000000249,cust-fr-000131,fr,2024-07-24T15:59:21.163082Z,EUR,469.00,0.00,5.90,94.98,569.88,,False
ord-000000250,cust-de-000227,de,2024-07-27T05:49:22.831840Z,EUR,105.80,22.80,4.90,16.70,104.60,SAVE22,False
ord-000000251,cust-de-000025,de,2024-07-28T20:22:04.974569Z,EUR,53.90,12.48,4.90,8.80,55.12,SAVE23,False
ord-000000252,cust-de-000027,de,2024-07-29T23:28:22.892771Z,EUR,183.60,0.00,4.90,35.82,224.32,,False
ord-000000253,cust-de-000086,de,2024-07-29T22:09:08.466541Z,EUR,109.00,0.00,4.90,21.64,135.54,,True
ord-000000254,cust-de-000138,de,2024-07-29T02:33:11.288100Z,EUR,124.80,0.00,4.90,24.64,154.34,,False
ord-000000255,cust-de-000104,de,2024-07-31T06:21:37.840821Z,EUR,38.90,8.85,4.90,6.64,41.59,SAVE23,False
ord-000000256,cust-de-000164,de,2024-07-31T01:16:21.996912Z,EUR,27.90,0.00,4.90,6.23,39.03,,False
ord-000000257,cust-de-000114,de,2024-07-31T04:48:57.596435Z,EUR,38.90,3.98,4.90,7.57,47.39,SAVE10,False
ord-000000258,cust-at-000028,at,2024-08-01T02:59:12.380497Z,EUR,223.90,0.00,5.90,45.96,275.76,,False
ord-000000259,cust-de-000127,de,2024-08-01T19:27:41.652201Z,EUR,359.90,0.00,4.90,69.31,434.11,,False
ord-000000260,cust-at-000028,at,2024-08-03T17:29:10.490715Z,EUR,203.70,0.00,5.90,41.92,251.52,,True
ord-000000261,cust-de-000065,de,2024-08-03T12:35:52.256828Z,EUR,75.90,0.00,4.90,15.35,96.15,,False
ord-000000262,cust-de-000259,de,2024-08-03T03:12:48.015594Z,EUR,53.90,0.00,4.90,11.17,69.97,,False
ord-000000263,cust-fr-000060,fr,2024-08-04T13:02:00.962440Z,EUR,334.90,55.79,5.90,57.00,342.01,SAVE17,True
ord-000000264,cust-de-000215,de,2024-08-05T08:14:17.812442Z,EUR,28.90,4.67,4.90,5.53,34.66,SAVE16,False
ord-000000265,cust-fr-000033,fr,2024-08-05T06:51:43.915579Z,EUR,558.00,74.66,5.90,97.85,587.09,SAVE13,True
ord-000000266,cust-fr-000005,fr,2024-08-07T22:07:37.718475Z,EUR,53.90,0.00,5.90,11.96,71.76,,False
ord-000000267,cust-de-000007,de,2024-08-08T10:43:04.611375Z,EUR,330.00,64.88,4.90,51.30,321.32,SAVE20,False
ord-000000268,cust-fr-000022,fr,2024-08-09T00:24:13.761151Z,EUR,166.90,24.67,5.90,29.63,177.76,SAVE15,False
ord-000000269,cust-fr-000080,fr,2024-08-09T11:30:04.026065Z,EUR,193.00,0.00,5.90,39.78,238.68,,False
ord-000000270,cust-fr-000058,fr,2024-08-10T20:44:53.130278Z,EUR,129.80,0.00,5.90,27.14,162.84,,False
ord-000000271,cust-de-000100,de,2024-08-12T18:53:00.927603Z,EUR,93.90,0.00,4.90,18.77,117.57,,False
ord-000000272,cust-de-000028,de,2024-08-13T10:11:58.419071Z,EUR,28.90,4.63,4.90,5.54,34.71,SAVE16,True
ord-000000273,cust-de-000245,de,2024-08-16T10:37:14.383566Z,EUR,185.90,0.00,4.90,36.25,227.05,,False
ord-000000274,cust-de-000206,de,2024-08-17T03:35:37.035594Z,EUR,53.90,0.00,4.90,11.17,69.97,,False
ord-000000275,cust-de-000091,de,2024-08-18T06:26:56.988846Z,EUR,37.90,0.00,4.90,8.13,50.93,,False
ord-000000276,cust-de-000068,de,2024-08-20T11:10:28.575264Z,EUR,193.00,0.00,4.90,37.60,235.50,,False
ord-000000277,cust-de-000165,de,2024-08-21T11:23:06.616283Z,EUR,28.90,0.00,4.90,6.42,40.22,,False
ord-000000278,cust-de-000058,de,2024-08-22T15:09:36.148514Z,EUR,87.80,14.03,4.90,14.95,93.62,SAVE16,False
ord-000000279,cust-de-000225,de,2024-08-23T23:32:07.319772Z,EUR,155.90,37.54,4.90,23.42,146.68,SAVE24,False
ord-000000280,cust-de-000072,de,2024-08-26T21:51:21.373250Z,EUR,59.80,11.81,4.90,10.05,62.94,SAVE20,False
ord-000000281,cust-de-000222,de,2024-08-27T04:02:28.865642Z,EUR,151.90,0.00,4.90,29.79,186.59,,True
ord-000000282,cust-de-000096,de,2024-08-31T00:36:45.950728Z,EUR,185.90,42.31,4.90,28.21,176.70,SAVE23,False
ord-000000283,cust-de-000143,de,2024-08-31T21:13:42.094908Z,EUR,425.90,0.00,4.90,81.85,512.65,,True
ord-000000284,cust-de-000231,de,2024-09-01T05:24:45.226795Z,EUR,71.90,0.00,4.90,14.59,91.39,,False
ord-000000285,cust-de-000174,de,2024-09-09T20:04:49.257319Z,EUR,461.80,47.75,4.90,79.60,498.55,SAVE10,False
ord-000000286,cust-fr-000181,fr,2024-09-09T14:56:35.203840Z,EUR,262.90,0.00,5.90,53.76,322.56,,True
ord-000000287,cust-at-000005,at,2024-09-11T00:57:26.116074Z,EUR,284.90,43.05,5.90,49.55,297.30,SAVE15,True
ord-000000288,cust-fr-000169,fr,2024-09-11T15:48:08.648022Z,EUR,462.90,114.52,5.90,70.86,425.14,SAVE25,False
ord-000000289,cust-at-000029,at,2024-09-13T17:11:39.826385Z,EUR,277.80,0.00,5.90,56.74,340.44,,False
ord-000000290,cust-at-000040,at,2024-09-13T04:36:38.668975Z,EUR,209.00,22.36,5.90,38.51,231.05,SAVE11,False
ord-000000291,cust-de-000122,de,2024-09-14T16:11:53.701510Z,EUR,220.90,0.00,4.90,42.90,268.70,,False
ord-000000292,cust-de-000240,de,2024-09-17T07:01:41.966911Z,EUR,152.00,26.51,4.90,24.77,155.16,SAVE17,False
ord-000000293,cust-de-000035,de,2024-09-17T11:31:56.384960Z,EUR,257.00,0.00,4.90,49.76,311.66,,False
ord-000000294,cust-de-000194,de,2024-09-18T13:33:21.170577Z,EUR,294.90,61.01,4.90,45.37,284.16,SAVE21,False
ord-000000295,cust-fr-000076,fr,2024-09-20T15:37:09.030275Z,EUR,193.00,0.00,5.90,39.78,238.68,,False
ord-000000296,cust-fr-000092,fr,2024-09-21T17:33:12.433977Z,EUR,486.90,0.00,5.90,98.56,591.36,,False
ord-000000297,cust-fr-000189,fr,2024-09-21T02:41:41.530254Z,EUR,404.00,0.00,5.90,81.98,491.88,,False
ord-000000298,cust-fr-000191,fr,2024-09-22T14:43:14.238025Z,EUR,856.90,0.00,5.90,172.56,1035.36,,False
ord-000000299,cust-de-000077,de,2024-09-23T08:19:37.346191Z,EUR,93.90,0.00,4.90,18.77,117.57,,True
ord-000000300,cust-at-000026,at,2024-09-24T22:06:34.315434Z,EUR,921.00,0.00,5.90,185.38,1112.28,,False
ord-000000301,cust-de-000019,de,2024-09-24T18:57:51.750701Z,EUR,122.00,0.00,4.90,24.11,151.01,,False
ord-000000302,cust-fr-000133,fr,2024-09-24T17:21:42.581073Z,EUR,671.90,0.00,5.90,135.56,813.36,,False
ord-000000303,cust-de-000009,de,2024-09-25T03:24:44.871524Z,EUR,327.70,0.00,4.90,63.19,395.79,,False
ord-000000304,cust-fr-000010,fr,2024-09-25T23:55:43.077645Z,EUR,257.00,57.65,5.90,41.05,246.30,SAVE22,False
ord-000000305,cust-de-000205,de,2024-09-27T10:55:57.870294Z,EUR,397.00,0.00,4.90,76.36,478.26,,True
ord-000000306,cust-fr-000126,fr,2024-09-30T11:14:42.290546Z,EUR,109.00,16.32,5.90,19.72,118.30,SAVE15,False
ord-000000307,cust-fr-000023,fr,2024-10-01T17:33:36.528491Z,EUR,269.60,53.08,5.90,44.48,266.90,SAVE20,False
ord-000000308,cust-fr-000066,fr,2024-10-02T08:26:56.301795Z,EUR,30.90,0.00,5.90,7.36,44.16,,False
ord-000000309,cust-de-000249,de,2024-10-03T01:31:29.281292Z,EUR,424.90,0.00,4.90,81.66,511.46,,False
ord-000000310,cust-de-000159,de,2024-10-04T16:23:22.098273Z,EUR,104.80,12.00,4.90,18.56,116.26,SAVE11,False
ord-000000311,cust-at-000018,at,2024-10-05T21:54:07.132121Z,EUR,28.90,0.00,5.90,6.96,41.76,,True
ord-000000312,cust-de-000095,de,2024-10-06T04:06:32.107009Z,EUR,93.90,0.00,4.90,18.77,117.57,,False
ord-000000313,cust-de-000035,de,2024-10-08T16:09:52.287931Z,EUR,131.80,0.00,4.90,25.97,162.67,,True
ord-000000314,cust-fr-000071,fr,2024-10-09T13:11:27.952172Z,EUR,401.90,0.00,5.90,81.56,489.36,,False
ord-000000315,cust-de-000052,de,2024-10-10T08:24:19.888983Z,EUR,633.00,106.47,4.90,100.97,632.40,SAVE17,False
ord-000000316,cust-fr-000082,fr,2024-10-10T08:43:56.361880Z,EUR,65.90,13.22,5.90,11.72,70.30,SAVE20,False
ord-000000317,cust-at-000039,at,2024-10-11T03:33:10.070216Z,EUR,28.90,3.57,5.90,6.25,37.48,SAVE12,False
ord-000000318,cust-de-000255,de,2024-10-11T17:12:25.222685Z,EUR,160.70,0.00,4.90,31.46,197.06,,True
ord-000000319,cust-de-000129,de,2024-10-13T13:09:12.350290Z,EUR,57.80,0.00,4.90,11.91,74.61,,False
ord-000000320,cust-de-000126,de,2024-10-14T14:32:03.118006Z,EUR,130.80,25.49,4.90,20.94,131.15,SAVE19,False
ord-000000321,cust-de-000081,de,2024-10-15T10:05:51.406468Z,EUR,397.00,66.06,4.90,63.81,399.65,SAVE17,True
ord-000000322,cust-fr-000068,fr,2024-10-16T01:57:01.269557Z,EUR,75.90,0.00,5.90,16.36,98.16,,False
ord-000000323,cust-de-000138,de,2024-10-23T01:17:21.007548Z,EUR,307.80,0.00,4.90,59.41,372.11,,True
ord-000000324,cust-de-000019,de,2024-10-23T20:08:35.828626Z,EUR,122.80,23.75,4.90,19.75,123.70,SAVE19,True
ord-000000325,cust-fr-000182,fr,2024-10-23T19:49:47.621671Z,EUR,193.00,0.00,5.90,39.78,238.68,,False
ord-000000326,cust-fr-000137,fr,2024-10-24T06:36:44.136528Z,EUR,104.80,0.00,5.90,22.14,132.84,,False
ord-000000327,cust-de-000012,de,2024-10-25T15:22:05.429665Z,EUR,33.90,0.00,4.90,7.37,46.17,,False
ord-000000328,cust-de-000238,de,2024-10-26T05:45:08.844552Z,EUR,584.90,118.27,4.90,89.59,561.12,SAVE20,False
ord-000000329,cust-de-000026,de,2024-10-26T08:26:14.731034Z,EUR,324.90,0.00,4.90,62.66,392.46,,False
ord-000000330,cust-fr-000075,fr,2024-10-26T13:10:31.982067Z,EUR,113.00,0.00,5.90,23.78,142.68,,False
ord-000000331,cust-at-000013,at,2024-10-27T21:06:05.114028Z,EUR,30.90,0.00,5.90,7.36,44.16,,False
ord-000000332,cust-at-000045,at,2024-10-27T12:27:54.096525Z,EUR,257.80,0.00,5.90,52.74,316.44,,False
ord-000000333,cust-de-000121,de,2024-10-28T12:19:48.902962Z,EUR,117.00,23.00,4.90,18.79,117.69,SAVE20,False
ord-000000334,cust-de-000150,de,2024-10-31T12:18:09.784631Z,EUR,342.90,0.00,4.90,66.08,413.88,,False
ord-000000335,cust-fr-000155,fr,2024-11-01T13:57:13.562751Z,EUR,551.90,0.00,5.90,111.56,669.36,,True
ord-000000336,cust-fr-000094,fr,2024-11-02T06:56:45.553939Z,EUR,267.90,60.01,5.90,42.76,256.55,SAVE22,False
ord-000000337,cust-de-000068,de,2024-11-04T02:02:11.384514Z,EUR,92.90,0.00,4.90,18.58,116.38,,True
ord-000000338,cust-de-000082,de,2024-11-04T20:10:43.227748Z,EUR,223.90,0.00,4.90,43.47,272.27,,False
ord-000000339,cust-fr-000155,fr,2024-11-04T15:15:01.089169Z,EUR,30.90,0.00,5.90,7.36,44.16,,True
ord-000000340,cust-de-000128,de,2024-11-06T13:28:33.041274Z,EUR,264.00,46.23,4.90,42.31,264.98,SAVE18,False
ord-000000341,cust-fr-000156,fr,2024-11-06T05:59:02.607002Z,EUR,38.90,5.22,5.90,7.92,47.50,SAVE13,False
ord-000000342,cust-de-000132,de,2024-11-07T00:53:40.550322Z,EUR,92.90,11.63,4.90,16.37,102.54,SAVE13,False
ord-000000343,cust-de-000037,de,2024-11-09T18:32:49.588956Z,EUR,127.80,0.00,4.90,25.21,157.91,,True
ord-000000344,cust-fr-000094,fr,2024-11-09T15:58:55.030132Z,EUR,404.90,0.00,5.90,82.16,492.96,,True
ord-000000345,cust-at-000033,at,2024-11-11T10:55:53.159097Z,EUR,391.70,42.50,5.90,71.02,426.12,SAVE11,True
ord-000000346,cust-de-000236,de,2024-11-12T19:45:32.442748Z,EUR,650.00,0.00,4.90,124.43,779.33,,False
ord-000000347,cust-fr-000001,fr,2024-11-12T08:50:48.917562Z,EUR,411.90,0.00,5.90,83.56,501.36,,False
ord-000000348,cust-fr-000007,fr,2024-11-12T18:42:07.468925Z,EUR,889.80,0.00,5.90,179.14,1074.84,,True
ord-000000349,cust-de-000075,de,2024-11-15T20:52:50.236106Z,EUR,72.90,0.00,4.90,14.78,92.58,,False
ord-000000350,cust-fr-000032,fr,2024-11-16T20:32:52.065239Z,EUR,633.00,79.69,5.90,111.84,671.05,SAVE13,False
ord-000000351,cust-de-000006,de,2024-11-17T01:35:32.998106Z,EUR,33.90,3.65,4.90,6.68,41.83,SAVE11,False
ord-000000352,cust-fr-000092,fr,2024-11-17T20:16:24.677000Z,EUR,268.90,0.00,5.90,54.96,329.76,,True
ord-000000353,cust-at-000030,at,2024-11-18T22:50:57.139091Z,EUR,166.80,0.00,5.90,34.54,207.24,,False
ord-000000354,cust-at-000017,at,2024-11-18T00:00:36.021620Z,EUR,28.90,4.57,5.90,6.05,36.28,SAVE16,False
ord-000000355,cust-fr-000076,fr,2024-11-20T02:18:03.992057Z,EUR,257.00,0.00,5.90,52.58,315.48,,True
ord-000000356,cust-fr-000036,fr,2024-11-21T02:19:43.423150Z,EUR,77.90,0.00,5.90,16.76,100.56,,False
ord-000000357,cust-de-000089,de,2024-11-22T16:45:54.470642Z,EUR,268.90,0.00,4.90,52.02,325.82,,False
ord-000000358,cust-de-000258,de,2024-11-23T19:28:23.314211Z,EUR,74.90,0.00,4.90,15.16,94.96,,False
ord-000000359,cust-de-000052,de,2024-11-24T03:34:08.923640Z,EUR,124.80,0.00,4.90,24.64,154.34,,True
ord-000000360,cust-at-000019,at,2024-11-29T01:48:07.722486Z,EUR,53.90,0.00,5.90,11.96,71.76,,False
ord-000000361,cust-de-000009,de,2024-11-29T23:07:28.245854Z,EUR,218.90,0.00,4.90,42.52,266.32,,True
ord-000000362,cust-de-000046,de,2024-11-29T08:34:06.294633Z,EUR,37.90,0.00,4.90,8.13,50.93,,False
ord-000000363,cust-fr-000157,fr,2024-11-29T03:19:18.001834Z,EUR,30.90,5.18,5.90,6.32,37.94,SAVE17,False
ord-000000364,cust-at-000034,at,2024-11-30T11:04:17.680949Z,EUR,152.00,29.26,5.90,25.73,154.37,SAVE19,False
ord-000000365,cust-de-000145,de,2024-12-01T13:27:26.967138Z,EUR,92.90,0.00,4.90,18.58,116.38,,False
ord-000000366,cust-de-000080,de,2024-12-02T11:59:23.312690Z,EUR,104.80,0.00,4.90,20.84,130.54,,False
ord-000000367,cust-de-000179,de,2024-12-02T20:22:00.378879Z,EUR,33.90,0.00,4.90,7.37,46.17,,True
ord-000000368,cust-at-000037,at,2024-12-03T14:24:28.200270Z,EUR,192.90,26.20,5.90,34.52,207.12,SAVE14,False
ord-000000369,cust-fr-000086,fr,2024-12-04T03:37:19.466860Z,EUR,116.80,0.00,5.90,24.54,147.24,,False
ord-000000370,cust-de-000224,de,2024-12-06T12:11:28.248874Z,EUR,65.90,0.00,4.90,13.45,84.25,,False
ord-000000371,cust-de-000131,de,2024-12-06T08:36:58.708697Z,EUR,278.90,0.00,4.90,53.92,337.72,,False
ord-000000372,cust-at-000025,at,2024-12-07T06:59:36.110964Z,EUR,28.90,0.00,5.90,6.96,41.76,,False
ord-000000373,cust-de-000049,de,2024-12-07T06:37:02.137464Z,EUR,28.90,6.88,4.90,5.11,32.03,SAVE24,False
ord-000000374,cust-fr-000186,fr,2024-12-08T12:35:28.391112Z,EUR,734.00,86.32,5.90,130.72,784.30,SAVE12,False
ord-000000375,cust-fr-000139,fr,2024-12-09T21:04:21.729160Z,EUR,481.90,0.00,5.90,97.56,585.36,,False
ord-000000376,cust-de-000027,de,2024-12-10T03:16:30.284850Z,EUR,37.90,0.00,4.90,8.13,50.93,,True
ord-000000377,cust-fr-000130,fr,2024-12-11T16:24:32.778399Z,EUR,492.00,0.00,5.90,99.58,597.48,,False
ord-000000378,cust-fr-000170,fr,2024-12-12T17:09:46.715626Z,EUR,550.00,58.47,5.90,99.49,596.92,SAVE11,False
ord-000000379,cust-de-000141,de,2024-12-13T05:55:24.633750Z,EUR,277.80,0.00,4.90,53.71,336.41,,False
ord-000000380,cust-de-000032,de,2024-12-13T20:22:46.872871Z,EUR,357.60,60.72,4.90,57.34,359.12,SAVE17,False
ord-000000381,cust-de-000135,de,2024-12-14T14:07:48.732185Z,EUR,274.90,0.00,4.90,53.16,332.96,,False
ord-000000382,cust-de-000221,de,2024-12-14T18:03:02.038988Z,EUR,397.00,40.49,4.90,68.67,430.08,SAVE10,False
ord-000000383,cust-fr-000100,fr,2024-12-14T08:13:06.391746Z,EUR,613.00,0.00,5.90,123.78,742.68,,False
ord-000000384,cust-fr-000104,fr,2024-12-15T12:08:08.668864Z,EUR,71.90,0.00,5.90,15.56,93.36,,False
ord-000000385,cust-fr-000028,fr,2024-12-15T12:25:54.489148Z,EUR,65.90,7.29,5.90,12.90,77.41,SAVE11,False
ord-000000386,cust-fr-000153,fr,2024-12-18T16:47:00.589259Z,EUR,137.80,0.00,5.90,28.74,172.44,,False
ord-000000387,cust-de-000115,de,2024-12-19T23:12:06.126451Z,EUR,811.80,0.00,4.90,155.17,971.87,,False
ord-000000388,cust-de-000253,de,2024-12-20T09:27:25.591377Z,EUR,153.00,34.73,4.90,23.40,146.57,SAVE23,False
ord-000000389,cust-de-000036,de,2024-12-24T16:15:14.801213Z,EUR,33.90,6.58,4.90,6.12,38.34,SAVE19,False
ord-000000390,cust-fr-000139,fr,2024-12-24T04:56:46.513506Z,EUR,360.90,0.00,5.90,73.36,440.16,,True
ord-000000391,cust-at-000044,at,2024-12-26T18:54:47.004511Z,EUR,184.90,0.00,5.90,38.16,228.96,,False
ord-000000392,cust-de-000248,de,2024-12-26T07:41:46.774505Z,EUR,536.80,0.00,4.90,102.92,644.62,,False
ord-000000393,cust-fr-000048,fr,2024-12-28T21:25:01.381781Z,EUR,633.00,0.00,5.90,127.78,766.68,,False
ord-000000394,cust-fr-000004,fr,2024-12-28T17:19:22.633648Z,EUR,153.00,0.00,5.90,31.78,190.68,,False
ord-000000395,cust-fr-000057,fr,2024-12-30T09:26:44.147441Z,EUR,180.70,0.00,5.90,37.32,223.92,,False
