id,order_id,variant_id,quantity,unit_price
item-000000001-01,ord-000000001,var-garden-decor-planters-005-01,1,26.90
item-000000001-02,ord-000000001,var-garden-decor-planters-009-03,1,19.90
item-000000002-01,ord-000000002,var-garden-decor-garden-furniture-004-02,1,167.00
item-000000002-02,ord-000000002,var-garden-decor-garden-furniture-007-02,1,343.00
item-000000002-03,ord-000000002,var-garden-decor-planters-012-02,1,42.90
item-000000003-01,ord-000000003,var-garden-decor-planters-012-01,1,42.90
item-000000004-01,ord-000000004,var-garden-decor-outdoor-lighting-007-03,1,165.00
item-000000004-02,ord-000000004,var-garden-decor-planters-005-01,1,26.90
item-000000004-03,ord-000000004,var-garden-decor-planters-007-01,1,65.90
item-000000005-01,ord-000000005,var-garden-decor-outdoor-lighting-002-02,1,44.90
item-000000005-02,ord-000000005,var-garden-decor-outdoor-lighting-007-03,1,165.00
item-000000005-03,ord-000000005,var-garden-decor-planters-008-03,1,73.90
item-000000006-01,ord-000000006,var-garden-decor-garden-furniture-005-02,1,288.00
item-000000006-02,ord-000000006,var-garden-decor-planters-002-01,1,119.00
item-000000006-03,ord-000000006,var-garden-decor-planters-005-02,1,26.90
item-000000007-01,ord-000000007,var-garden-decor-planters-005-01,1,26.90
item-000000007-02,ord-000000007,var-garden-decor-planters-007-03,1,65.90
item-000000008-01,ord-000000008,var-garden-decor-outdoor-lighting-006-02,1,133.00
item-000000008-02,ord-000000008,var-garden-decor-planters-012-02,1,42.90
item-000000009-01,ord-000000009,var-garden-decor-garden-furniture-004-01,1,167.00
item-000000009-02,ord-000000009,var-garden-decor-planters-004-02,1,60.90
item-000000010-01,ord-000000010,var-garden-decor-planters-003-03,1,77.90
item-000000010-02,ord-000000010,var-garden-decor-planters-010-02,1,72.90
item-000000011-01,ord-000000011,var-garden-decor-planters-001-02,2,77.90
item-000000012-01,ord-000000012,var-garden-decor-garden-furniture-002-01,1,589.00
item-000000012-02,ord-000000012,var-garden-decor-outdoor-lighting-012-01,1,166.00
item-000000013-01,ord-000000013,var-garden-decor-planters-009-01,1,19.90
item-000000013-02,ord-000000013,var-garden-decor-planters-011-02,1,28.90
item-000000014-01,ord-000000014,var-garden-decor-outdoor-lighting-011-02,1,77.90
item-000000015-01,ord-000000015,var-garden-decor-garden-furniture-006-01,1,291.00
item-000000015-02,ord-000000015,var-garden-decor-planters-002-02,1,119.00
item-000000016-01,ord-000000016,var-garden-decor-planters-004-02,1,60.90
item-000000016-02,ord-000000016,var-garden-decor-planters-004-03,1,60.90
item-000000017-01,ord-000000017,var-garden-decor-outdoor-lighting-002-02,1,44.90
item-000000017-02,ord-000000017,var-garden-decor-outdoor-lighting-003-02,1,179.00
item-000000017-03,ord-000000017,var-garden-decor-planters-012-01,1,42.90
item-000000018-01,ord-000000018,var-garden-decor-planters-011-02,1,28.90
item-000000019-01,ord-000000019,var-garden-decor-outdoor-lighting-009-03,1,83.90
item-000000019-02,ord-000000019,var-garden-decor-planters-010-01,1,72.90
item-000000020-01,ord-000000020,var-garden-decor-outdoor-lighting-005-01,1,28.90
item-000000021-01,ord-000000021,var-garden-decor-outdoor-lighting-009-03,1,83.90
item-000000022-01,ord-000000022,var-garden-decor-outdoor-lighting-006-01,1,133.00
item-000000023-01,ord-000000023,var-garden-decor-outdoor-lighting-006-02,1,133.00
item-000000023-02,ord-000000023,var-garden-decor-planters-002-03,1,119.00
item-000000023-03,ord-000000023,var-garden-decor-planters-009-02,1,19.90
item-000000024-01,ord-000000024,var-garden-decor-planters-010-01,1,72.90
item-000000025-01,ord-000000025,var-garden-decor-planters-007-01,1,65.90
item-000000026-01,ord-000000026,var-garden-decor-planters-002-01,1,119.00
item-000000026-02,ord-000000026,var-garden-decor-planters-003-01,1,77.90
item-000000027-01,ord-000000027,var-garden-decor-planters-007-01,1,65.90
item-000000027-02,ord-000000027,var-garden-decor-planters-009-03,1,19.90
item-000000028-01,ord-000000028,var-garden-decor-planters-009-01,1,19.90
item-000000029-01,ord-000000029,var-garden-decor-planters-002-02,1,119.00
item-000000030-01,ord-000000030,var-garden-decor-planters-005-01,1,26.90
item-000000031-01,ord-000000031,var-garden-decor-planters-001-02,1,77.90
item-000000032-01,ord-000000032,var-garden-decor-planters-009-03,1,19.90
item-000000033-01,ord-000000033,var-garden-decor-planters-007-01,1,65.90
item-000000034-01,ord-000000034,var-garden-decor-planters-008-02,1,73.90
item-000000035-01,ord-000000035,var-garden-decor-outdoor-lighting-012-02,1,166.00
item-000000035-02,ord-000000035,var-garden-decor-planters-008-01,1,73.90
item-000000036-01,ord-000000036,var-garden-decor-planters-003-01,1,77.90
item-000000037-01,ord-000000037,var-garden-decor-planters-001-03,1,77.90
item-000000038-01,ord-000000038,var-garden-decor-outdoor-lighting-012-01,1,166.00
item-000000038-02,ord-000000038,var-garden-decor-planters-006-03,1,62.90
item-000000038-03,ord-000000038,var-garden-decor-planters-012-01,1,42.90
item-000000039-01,ord-000000039,var-garden-decor-outdoor-lighting-010-02,1,119.00
item-000000039-02,ord-000000039,var-garden-decor-planters-008-01,1,73.90
item-000000039-03,ord-000000039,var-garden-decor-planters-009-03,1,19.90
item-000000040-01,ord-000000040,var-garden-decor-outdoor-lighting-007-03,1,165.00
item-000000040-02,ord-000000040,var-garden-decor-planters-011-02,1,28.90
item-000000041-01,ord-000000041,var-garden-decor-planters-012-01,1,42.90
item-000000042-01,ord-000000042,var-garden-decor-garden-furniture-003-01,1,287.00
item-000000042-02,ord-000000042,var-garden-decor-outdoor-lighting-009-02,1,83.90
item-000000043-01,ord-000000043,var-garden-decor-planters-005-02,1,26.90
item-000000044-01,ord-000000044,var-garden-decor-planters-005-01,1,26.90
item-000000044-02,ord-000000044,var-garden-decor-planters-008-02,1,73.90
item-000000045-01,ord-000000045,var-garden-decor-garden-furniture-008-03,1,209.00
item-000000045-02,ord-000000045,var-garden-decor-outdoor-lighting-003-02,1,179.00
item-000000046-01,ord-000000046,var-garden-decor-outdoor-lighting-011-03,1,77.90
item-000000046-02,ord-000000046,var-garden-decor-planters-007-03,1,65.90
item-000000047-01,ord-000000047,var-garden-decor-planters-007-01,1,65.90
item-000000048-01,ord-000000048,var-garden-decor-outdoor-lighting-005-03,1,28.90
item-000000049-01,ord-000000049,var-garden-decor-outdoor-lighting-004-01,1,151.00
item-000000050-01,ord-000000050,var-garden-decor-planters-005-02,1,26.90
item-000000051-01,ord-000000051,var-garden-decor-garden-furniture-003-03,1,287.00
item-000000051-02,ord-000000051,var-garden-decor-garden-furniture-007-01,1,343.00
item-000000051-03,ord-000000051,var-garden-decor-garden-furniture-011-03,1,560.00
item-000000051-04,ord-000000051,var-garden-decor-planters-009-02,1,19.90
item-000000052-01,ord-000000052,var-garden-decor-planters-008-02,1,73.90
item-000000053-01,ord-000000053,var-garden-decor-planters-008-01,1,73.90
item-000000054-01,ord-000000054,var-garden-decor-outdoor-lighting-007-03,1,165.00
item-000000054-02,ord-000000054,var-garden-decor-planters-010-02,1,72.90
item-000000054-03,ord-000000054,var-garden-decor-planters-012-03,1,42.90
item-000000055-01,ord-000000055,var-garden-decor-outdoor-lighting-004-01,1,151.00
item-000000055-02,ord-000000055,var-garden-decor-planters-008-03,1,73.90
item-000000056-01,ord-000000056,var-garden-decor-outdoor-lighting-002-02,1,44.90
item-000000056-02,ord-000000056,var-garden-decor-planters-005-02,1,26.90
item-000000056-03,ord-000000056,var-garden-decor-planters-007-02,1,65.90
item-000000057-01,ord-000000057,var-garden-decor-garden-furniture-005-03,1,288.00
item-000000057-02,ord-000000057,var-garden-decor-outdoor-lighting-009-03,1,83.90
item-000000058-01,ord-000000058,var-garden-decor-planters-009-02,1,19.90
item-000000059-01,ord-000000059,var-garden-decor-planters-004-03,1,60.90
item-000000060-01,ord-000000060,var-garden-decor-planters-001-01,1,77.90
item-000000060-02,ord-000000060,var-garden-decor-planters-009-01,1,19.90
item-000000061-01,ord-000000061,var-garden-decor-garden-furniture-010-02,1,257.00
item-000000061-02,ord-000000061,var-garden-decor-outdoor-lighting-006-01,1,133.00
item-000000061-03,ord-000000061,var-garden-decor-outdoor-lighting-007-01,1,165.00
item-000000061-04,ord-000000061,var-garden-decor-outdoor-lighting-009-03,1,83.90
item-000000062-01,ord-000000062,var-garden-decor-outdoor-lighting-012-01,1,166.00
item-000000062-02,ord-000000062,var-garden-decor-planters-009-01,1,19.90
item-000000063-01,ord-000000063,var-garden-decor-planters-008-02,1,73.90
item-000000064-01,ord-000000064,var-garden-decor-planters-011-01,1,28.90
item-000000065-01,ord-000000065,var-garden-decor-outdoor-lighting-004-02,1,151.00
item-000000066-01,ord-000000066,var-garden-decor-garden-furniture-001-01,1,479.00
item-000000066-02,ord-000000066,var-garden-decor-outdoor-lighting-004-02,1,151.00
item-000000066-03,ord-000000066,var-garden-decor-planters-007-03,1,65.90
item-000000067-01,ord-000000067,var-garden-decor-outdoor-lighting-008-01,1,133.00
item-000000068-01,ord-000000068,var-garden-decor-planters-009-01,1,19.90
item-000000068-02,ord-000000068,var-garden-decor-planters-011-02,1,28.90
item-000000069-01,ord-000000069,var-garden-decor-outdoor-lighting-005-03,1,28.90
item-000000069-02,ord-000000069,var-garden-decor-outdoor-lighting-009-02,1,83.90
item-000000070-01,ord-000000070,var-garden-decor-outdoor-lighting-001-03,1,68.90
item-000000071-01,ord-000000071,var-garden-decor-planters-005-02,1,26.90
item-000000072-01,ord-000000072,var-garden-decor-outdoor-lighting-005-03,1,28.90
item-000000072-02,ord-000000072,var-garden-decor-planters-006-02,1,62.90
item-000000073-01,ord-000000073,var-garden-decor-garden-furniture-004-02,1,167.00
item-000000073-02,ord-000000073,var-garden-decor-outdoor-lighting-011-03,1,77.90
item-000000074-01,ord-000000074,var-garden-decor-outdoor-lighting-009-03,1,83.90
item-000000074-02,ord-000000074,var-garden-decor-planters-011-03,1,28.90
item-000000075-01,ord-000000075,var-garden-decor-planters-006-03,1,62.90
item-000000075-02,ord-000000075,var-garden-decor-planters-009-03,1,19.90
item-000000076-01,ord-000000076,var-garden-decor-outdoor-lighting-001-02,1,68.90
item-000000077-01,ord-000000077,var-garden-decor-outdoor-lighting-005-03,1,28.90
item-000000078-01,ord-000000078,var-garden-decor-garden-furniture-001-01,1,479.00
item-000000079-01,ord-000000079,var-garden-decor-garden-furniture-010-01,1,257.00
item-000000079-02,ord-000000079,var-garden-decor-outdoor-lighting-003-01,1,179.00
item-000000080-01,ord-000000080,var-garden-decor-outdoor-lighting-009-02,1,83.90
item-000000080-02,ord-000000080,var-garden-decor-planters-005-02,1,26.90
item-000000081-01,ord-000000081,var-garden-decor-outdoor-lighting-004-01,1,151.00
item-000000081-02,ord-000000081,var-garden-decor-outdoor-lighting-008-01,1,133.00
item-000000082-01,ord-000000082,var-garden-decor-planters-008-03,1,73.90
item-000000082-02,ord-000000082,var-garden-decor-planters-011-02,1,28.90
item-000000083-01,ord-000000083,var-garden-decor-planters-001-03,1,77.90
item-000000084-01,ord-000000084,var-garden-decor-garden-furniture-008-03,1,209.00
item-000000084-02,ord-000000084,var-garden-decor-planters-006-02,1,62.90
item-000000085-01,ord-000000085,var-garden-decor-outdoor-lighting-006-02,1,133.00
item-000000086-01,ord-000000086,var-garden-decor-garden-furniture-007-03,1,343.00
item-000000087-01,ord-000000087,var-garden-decor-garden-furniture-008-01,1,209.00
item-000000087-02,ord-000000087,var-garden-decor-outdoor-lighting-005-02,1,28.90
item-000000088-01,ord-000000088,var-garden-decor-planters-004-01,1,60.90
item-000000088-02,ord-000000088,var-garden-decor-planters-012-02,1,42.90
item-000000089-01,ord-000000089,var-garden-decor-garden-furniture-009-01,1,171.00
item-000000089-02,ord-000000089,var-garden-decor-outdoor-lighting-010-02,1,119.00
item-000000089-03,ord-000000089,var-garden-decor-planters-003-02,1,77.90
item-000000090-01,ord-000000090,var-garden-decor-outdoor-lighting-003-01,1,179.00
item-000000090-02,ord-000000090,var-garden-decor-outdoor-lighting-009-02,1,83.90
item-000000091-01,ord-000000091,var-garden-decor-planters-007-01,1,65.90
item-000000092-01,ord-000000092,var-garden-decor-garden-furniture-006-01,1,291.00
item-000000092-02,ord-000000092,var-garden-decor-outdoor-lighting-009-02,1,83.90
item-000000092-03,ord-000000092,var-garden-decor-planters-009-02,1,19.90
item-000000093-01,ord-000000093,var-garden-decor-outdoor-lighting-002-02,1,44.90
item-000000093-02,ord-000000093,var-garden-decor-outdoor-lighting-010-02,1,119.00
item-000000094-01,ord-000000094,var-garden-decor-outdoor-lighting-005-01,1,28.90
item-000000094-02,ord-000000094,var-garden-decor-planters-010-03,1,72.90
item-000000095-01,ord-000000095,var-garden-decor-garden-furniture-002-01,1,589.00
item-000000095-02,ord-000000095,var-garden-decor-planters-004-01,1,60.90
item-000000095-03,ord-000000095,var-garden-decor-planters-005-01,1,26.90
item-000000096-01,ord-000000096,var-garden-decor-outdoor-lighting-002-01,1,44.90
item-000000097-01,ord-000000097,var-garden-decor-outdoor-lighting-011-02,1,77.90
item-000000098-01,ord-000000098,var-garden-decor-planters-007-01,1,65.90
item-000000099-01,ord-000000099,var-garden-decor-planters-004-02,1,60.90
item-000000100-01,ord-000000100,var-garden-decor-outdoor-lighting-002-01,1,44.90
item-000000101-01,ord-000000101,var-garden-decor-garden-furniture-005-03,1,288.00
item-000000101-02,ord-000000101,var-garden-decor-planters-005-02,1,26.90
item-000000102-01,ord-000000102,var-garden-decor-garden-furniture-004-03,1,167.00
item-000000102-02,ord-000000102,var-garden-decor-outdoor-lighting-001-01,1,68.90
item-000000103-01,ord-000000103,var-garden-decor-planters-003-01,1,77.90
item-000000103-02,ord-000000103,var-garden-decor-planters-006-03,1,62.90
item-000000103-03,ord-000000103,var-garden-decor-planters-009-02,1,19.90
item-000000104-01,ord-000000104,var-garden-decor-planters-009-02,1,19.90
item-000000104-02,ord-000000104,var-garden-decor-planters-011-03,1,28.90
item-000000105-01,ord-000000105,var-garden-decor-planters-006-02,1,62.90
item-000000106-01,ord-000000106,var-garden-decor-garden-furniture-009-03,1,171.00
item-000000106-02,ord-000000106,var-garden-decor-outdoor-lighting-011-01,1,77.90
item-000000106-03,ord-000000106,var-garden-decor-planters-007-01,1,65.90
item-000000107-01,ord-000000107,var-garden-decor-planters-010-01,1,72.90
item-000000107-02,ord-000000107,var-garden-decor-planters-011-02,1,28.90
item-000000108-01,ord-000000108,var-garden-decor-outdoor-lighting-009-03,1,83.90
item-000000108-02,ord-000000108,var-garden-decor-planters-003-02,1,77.90
item-000000109-01,ord-000000109,var-garden-decor-garden-furniture-008-03,1,209.00
item-000000109-02,ord-000000109,var-garden-decor-outdoor-lighting-010-02,1,119.00
item-000000109-03,ord-000000109,var-garden-decor-planters-012-01,1,42.90
item-000000110-01,ord-000000110,var-garden-decor-garden-furniture-005-01,1,288.00
item-000000110-02,ord-000000110,var-garden-decor-planters-005-03,1,26.90
item-000000111-01,ord-000000111,var-garden-decor-planters-011-03,1,28.90
item-000000112-01,ord-000000112,var-garden-decor-planters-012-03,1,42.90
item-000000113-01,ord-000000113,var-garden-decor-planters-004-03,1,60.90
item-000000113-02,ord-000000113,var-garden-decor-planters-009-02,1,19.90
item-000000114-01,ord-000000114,var-garden-decor-garden-furniture-004-02,1,167.00
item-000000115-01,ord-000000115,var-garden-decor-planters-006-03,1,62.90
item-000000116-01,ord-000000116,var-garden-decor-garden-furniture-009-03,1,171.00
item-000000116-02,ord-000000116,var-garden-decor-planters-009-01,1,19.90
item-000000116-03,ord-000000116,var-garden-decor-planters-011-02,1,28.90
item-000000117-01,ord-000000117,var-garden-decor-outdoor-lighting-001-01,1,68.90
item-000000118-01,ord-000000118,var-garden-decor-garden-furniture-008-03,1,209.00
item-000000118-02,ord-000000118,var-garden-decor-outdoor-lighting-008-01,1,133.00
item-000000118-03,ord-000000118,var-garden-decor-outdoor-lighting-010-02,1,119.00
item-000000119-01,ord-000000119,var-garden-decor-planters-012-02,1,42.90
item-000000120-01,ord-000000120,var-garden-decor-garden-furniture-006-01,1,291.00
item-000000120-02,ord-000000120,var-garden-decor-planters-004-03,1,60.90
item-000000120-03,ord-000000120,var-garden-decor-planters-006-01,1,62.90
item-000000121-01,ord-000000121,var-garden-decor-outdoor-lighting-001-01,1,68.90
item-000000122-01,ord-000000122,var-garden-decor-outdoor-lighting-008-02,1,133.00
item-000000122-02,ord-000000122,var-garden-decor-planters-004-03,1,60.90
item-000000123-01,ord-000000123,var-garden-decor-planters-004-01,1,60.90
item-000000124-01,ord-000000124,var-garden-decor-planters-005-01,1,26.90
item-000000124-02,ord-000000124,var-garden-decor-planters-006-03,1,62.90
item-000000125-01,ord-000000125,var-garden-decor-outdoor-lighting-001-03,1,68.90
item-000000126-01,ord-000000126,var-garden-decor-outdoor-lighting-005-01,1,28.90
item-000000127-01,ord-000000127,var-garden-decor-planters-005-02,1,26.90
item-000000127-02,ord-000000127,var-garden-decor-planters-010-02,1,72.90
item-000000128-01,ord-000000128,var-garden-decor-planters-009-03,1,19.90
item-000000129-01,ord-000000129,var-garden-decor-garden-furniture-010-02,1,257.00
item-000000129-02,ord-000000129,var-garden-decor-planters-006-02,1,62.90
item-000000130-01,ord-000000130,var-garden-decor-outdoor-lighting-011-01,1,77.90
item-000000130-02,ord-000000130,var-garden-decor-planters-010-03,1,72.90
item-000000131-01,ord-000000131,var-garden-decor-outdoor-lighting-005-02,1,28.90
item-000000131-02,ord-000000131,var-garden-decor-outdoor-lighting-007-03,1,165.00
item-000000131-03,ord-000000131,var-garden-decor-planters-004-02,1,60.90
item-000000132-01,ord-000000132,var-garden-decor-outdoor-lighting-002-02,1,44.90
item-000000132-02,ord-000000132,var-garden-decor-planters-009-03,2,19.90
item-000000133-01,ord-000000133,var-garden-decor-outdoor-lighting-009-01,1,83.90
item-000000133-02,ord-000000133,var-garden-decor-planters-012-01,1,42.90
item-000000134-01,ord-000000134,var-garden-decor-planters-011-01,1,28.90
item-000000135-01,ord-000000135,var-garden-decor-planters-011-03,1,28.90
item-000000136-01,ord-000000136,var-garden-decor-outdoor-lighting-005-03,1,28.90
item-000000136-02,ord-000000136,var-garden-decor-planters-012-01,1,42.90
item-000000137-01,ord-000000137,var-garden-decor-outdoor-lighting-001-01,1,68.90
item-000000138-01,ord-000000138,var-garden-decor-garden-furniture-010-03,1,257.00
item-000000138-02,ord-000000138,var-garden-decor-outdoor-lighting-001-03,1,68.90
item-000000138-03,ord-000000138,var-garden-decor-planters-009-03,1,19.90
item-000000139-01,ord-000000139,var-garden-decor-planters-003-02,1,77.90
item-000000139-02,ord-000000139,var-garden-decor-planters-006-01,1,62.90
item-000000140-01,ord-000000140,var-garden-decor-planters-001-03,1,77.90
item-000000141-01,ord-000000141,var-garden-decor-planters-009-03,1,19.90
item-000000142-01,ord-000000142,var-garden-decor-garden-furniture-009-03,1,171.00
item-000000143-01,ord-000000143,var-garden-decor-outdoor-lighting-007-02,1,165.00
item-000000143-02,ord-000000143,var-garden-decor-planters-011-03,1,28.90
item-000000143-03,ord-000000143,var-garden-decor-planters-012-03,1,42.90
item-000000144-01,ord-000000144,var-garden-decor-planters-005-02,1,26.90
item-000000145-01,ord-000000145,var-garden-decor-outdoor-lighting-003-03,1,179.00
item-000000146-01,ord-000000146,var-garden-decor-planters-011-02,1,28.90
item-000000147-01,ord-000000147,var-garden-decor-garden-furniture-010-01,1,257.00
item-000000147-02,ord-000000147,var-garden-decor-planters-004-01,1,60.90
item-000000148-01,ord-000000148,var-garden-decor-planters-001-01,1,77.90
item-000000149-01,ord-000000149,var-garden-decor-planters-007-03,1,65.90
item-000000150-01,ord-000000150,var-garden-decor-outdoor-lighting-002-01,1,44.90
item-000000151-01,ord-000000151,var-garden-decor-outdoor-lighting-008-01,1,133.00
item-000000152-01,ord-000000152,var-garden-decor-outdoor-lighting-012-02,1,166.00
item-000000152-02,ord-000000152,var-garden-decor-planters-011-02,1,28.90
item-000000153-01,ord-000000153,var-garden-decor-garden-furniture-003-02,1,287.00
item-000000153-02,ord-000000153,var-garden-decor-planters-001-02,1,77.90
item-000000153-03,ord-000000153,var-garden-decor-planters-008-01,1,73.90
item-000000154-01,ord-000000154,var-garden-decor-garden-furniture-009-03,1,171.00
item-000000154-02,ord-000000154,var-garden-decor-outdoor-lighting-008-02,1,133.00
item-000000154-03,ord-000000154,var-garden-decor-planters-005-03,1,26.90
item-000000155-01,ord-000000155,var-garden-decor-garden-furniture-002-01,1,589.00
item-000000155-02,ord-000000155,var-garden-decor-garden-furniture-004-03,1,167.00
item-000000156-01,ord-000000156,var-garden-decor-garden-furniture-009-03,1,171.00
item-000000157-01,ord-000000157,var-garden-decor-outdoor-lighting-002-02,1,44.90
item-000000158-01,ord-000000158,var-garden-decor-outdoor-lighting-010-02,1,119.00
item-000000158-02,ord-000000158,var-garden-decor-planters-002-03,1,119.00
item-000000159-01,ord-000000159,var-garden-decor-planters-001-02,1,77.90
item-000000160-01,ord-000000160,var-garden-decor-planters-004-03,1,60.90
item-000000161-01,ord-000000161,var-garden-decor-outdoor-lighting-011-01,1,77.90
item-000000162-01,ord-000000162,var-garden-decor-garden-furniture-005-02,1,288.00
item-000000162-02,ord-000000162,var-garden-decor-garden-furniture-012-01,1,469.00
item-000000163-01,ord-000000163,var-garden-decor-outdoor-lighting-007-03,1,165.00
item-000000164-01,ord-000000164,var-garden-decor-planters-009-01,1,19.90
item-000000165-01,ord-000000165,var-garden-decor-outdoor-lighting-002-02,1,44.90
item-000000166-01,ord-000000166,var-garden-decor-outdoor-lighting-009-01,1,83.90
item-000000166-02,ord-000000166,var-garden-decor-planters-012-01,1,42.90
item-000000167-01,ord-000000167,var-garden-decor-garden-furniture-005-02,1,288.00
item-000000168-01,ord-000000168,var-garden-decor-garden-furniture-002-02,1,589.00
item-000000169-01,ord-000000169,var-garden-decor-outdoor-lighting-002-01,1,44.90
item-000000170-01,ord-000000170,var-garden-decor-outdoor-lighting-002-02,1,44.90
item-000000171-01,ord-000000171,var-garden-decor-planters-005-02,1,26.90
item-000000172-01,ord-000000172,var-garden-decor-planters-005-01,1,26.90
item-000000173-01,ord-000000173,var-garden-decor-planters-002-03,1,119.00
item-000000173-02,ord-000000173,var-garden-decor-planters-005-02,1,26.90
item-000000174-01,ord-000000174,var-garden-decor-outdoor-lighting-003-02,1,179.00
item-000000175-01,ord-000000175,var-garden-decor-planters-008-01,1,73.90
item-000000176-01,ord-000000176,var-garden-decor-planters-012-02,1,42.90
item-000000177-01,ord-000000177,var-garden-decor-planters-005-03,1,26.90
item-000000177-02,ord-000000177,var-garden-decor-planters-009-03,1,19.90
item-000000178-01,ord-000000178,var-garden-decor-garden-furniture-002-01,1,589.00
item-000000178-02,ord-000000178,var-garden-decor-planters-005-02,1,26.90
item-000000179-01,ord-000000179,var-garden-decor-planters-003-01,1,77.90
item-000000180-01,ord-000000180,var-garden-decor-outdoor-lighting-005-03,1,28.90
item-000000181-01,ord-000000181,var-garden-decor-garden-furniture-001-03,1,479.00
item-000000181-02,ord-000000181,var-garden-decor-outdoor-lighting-007-02,1,165.00
item-000000181-03,ord-000000181,var-garden-decor-planters-001-02,1,77.90
item-000000181-04,ord-000000181,var-garden-decor-planters-006-01,1,62.90
item-000000182-01,ord-000000182,var-garden-decor-outdoor-lighting-001-03,1,68.90
item-000000183-01,ord-000000183,var-garden-decor-garden-furniture-009-02,1,171.00
item-000000184-01,ord-000000184,var-garden-decor-planters-006-02,1,62.90
item-000000184-02,ord-000000184,var-garden-decor-planters-007-02,1,65.90
item-000000185-01,ord-000000185,var-garden-decor-outdoor-lighting-004-01,1,151.00
item-000000185-02,ord-000000185,var-garden-decor-planters-003-02,1,77.90
item-000000185-03,ord-000000185,var-garden-decor-planters-006-03,1,62.90
item-000000186-01,ord-000000186,var-garden-decor-planters-006-03,1,62.90
item-000000187-01,ord-000000187,var-garden-decor-planters-002-02,1,119.00
item-000000188-01,ord-000000188,var-garden-decor-planters-010-01,1,72.90
item-000000189-01,ord-000000189,var-garden-decor-planters-004-01,1,60.90
item-000000190-01,ord-000000190,var-garden-decor-planters-012-02,1,42.90
item-000000191-01,ord-000000191,var-garden-decor-planters-002-02,1,119.00
item-000000192-01,ord-000000192,var-garden-decor-garden-furniture-008-03,1,209.00
item-000000193-01,ord-000000193,var-garden-decor-garden-furniture-006-01,1,291.00
item-000000193-02,ord-000000193,var-garden-decor-outdoor-lighting-003-02,1,179.00
item-000000194-01,ord-000000194,var-garden-decor-outdoor-lighting-003-03,1,179.00
item-000000195-01,ord-000000195,var-garden-decor-planters-005-02,1,26.90
item-000000196-01,ord-000000196,var-garden-decor-planters-002-02,1,119.00
item-000000197-01,ord-000000197,var-garden-decor-garden-furniture-012-01,1,469.00
item-000000197-02,ord-000000197,var-garden-decor-planters-012-01,1,42.90
item-000000197-03,ord-000000197,var-garden-decor-planters-012-03,1,42.90
item-000000198-01,ord-000000198,var-garden-decor-garden-furniture-011-02,1,560.00
item-000000198-02,ord-000000198,var-garden-decor-planters-012-03,1,42.90
item-000000199-01,ord-000000199,var-garden-decor-garden-furniture-010-03,1,257.00
item-000000199-02,ord-000000199,var-garden-decor-planters-012-01,1,42.90
item-000000200-01,ord-000000200,var-garden-decor-planters-005-03,1,26.90
item-000000201-01,ord-000000201,var-garden-decor-garden-furniture-002-01,1,589.00
item-000000201-02,ord-000000201,var-garden-decor-planters-004-01,1,60.90
item-000000201-03,ord-000000201,var-garden-decor-planters-009-02,1,19.90
item-000000202-01,ord-000000202,var-garden-decor-planters-011-01,1,28.90
item-000000203-01,ord-000000203,var-garden-decor-outdoor-lighting-005-03,1,28.90
item-000000203-02,ord-000000203,var-garden-decor-planters-004-02,1,60.90
item-000000204-01,ord-000000204,var-garden-decor-outdoor-lighting-011-03,1,77.90
item-000000204-02,ord-000000204,var-garden-decor-planters-009-02,1,19.90
item-000000205-01,ord-000000205,var-garden-decor-planters-011-02,1,28.90
item-000000206-01,ord-000000206,var-garden-decor-planters-011-01,1,28.90
item-000000207-01,ord-000000207,var-garden-decor-garden-furniture-008-03,1,209.00
item-000000208-01,ord-000000208,var-garden-decor-outdoor-lighting-009-02,1,83.90
item-000000209-01,ord-000000209,var-garden-decor-planters-001-02,1,77.90
item-000000209-02,ord-000000209,var-garden-decor-planters-010-02,1,72.90
item-000000210-01,ord-000000210,var-garden-decor-garden-furniture-005-03,1,288.00
item-000000210-02,ord-000000210,var-garden-decor-outdoor-lighting-001-02,1,68.90
item-000000211-01,ord-000000211,var-garden-decor-planters-006-01,1,62.90
item-000000212-01,ord-000000212,var-garden-decor-garden-furniture-012-03,1,469.00
item-000000213-01,ord-000000213,var-garden-decor-outdoor-lighting-001-01,1,68.90
item-000000213-02,ord-000000213,var-garden-decor-planters-004-03,1,60.90
item-000000214-01,ord-000000214,var-garden-decor-outdoor-lighting-011-01,1,77.90
item-000000215-01,ord-000000215,var-garden-decor-outdoor-lighting-007-01,1,165.00
item-000000216-01,ord-000000216,var-garden-decor-garden-furniture-006-02,1,291.00
item-000000217-01,ord-000000217,var-garden-decor-planters-003-03,1,77.90
item-000000217-02,ord-000000217,var-garden-decor-planters-004-01,2,60.90
item-000000218-01,ord-000000218,var-garden-decor-outdoor-lighting-003-01,1,179.00
item-000000219-01,ord-000000219,var-garden-decor-outdoor-lighting-012-02,1,166.00
item-000000220-01,ord-000000220,var-garden-decor-outdoor-lighting-007-01,1,165.00
item-000000220-02,ord-000000220,var-garden-decor-planters-012-02,1,42.90
item-000000221-01,ord-000000221,var-garden-decor-garden-furniture-007-03,1,343.00
item-000000222-01,ord-000000222,var-garden-decor-garden-furniture-004-01,1,167.00
item-000000222-02,ord-000000222,var-garden-decor-outdoor-lighting-001-02,1,68.90
item-000000222-03,ord-000000222,var-garden-decor-outdoor-lighting-001-03,1,68.90
item-000000223-01,ord-000000223,var-garden-decor-garden-furniture-004-01,1,167.00
item-000000224-01,ord-000000224,var-garden-decor-outdoor-lighting-005-01,1,28.90
item-000000224-02,ord-000000224,var-garden-decor-planters-006-02,1,62.90
item-000000225-01,ord-000000225,var-garden-decor-garden-furniture-001-01,1,479.00
item-000000225-02,ord-000000225,var-garden-decor-outdoor-lighting-011-01,1,77.90
item-000000226-01,ord-000000226,var-garden-decor-garden-furniture-010-03,1,257.00
item-000000227-01,ord-000000227,var-garden-decor-garden-furniture-005-02,1,288.00
item-000000227-02,ord-000000227,var-garden-decor-planters-001-03,1,77.90
item-000000227-03,ord-000000227,var-garden-decor-planters-011-01,1,28.90
item-000000228-01,ord-000000228,var-garden-decor-outdoor-lighting-001-03,1,68.90
item-000000229-01,ord-000000229,var-garden-decor-planters-005-02,1,26.90
item-000000229-02,ord-000000229,var-garden-decor-planters-010-02,1,72.90
item-000000230-01,ord-000000230,var-garden-decor-garden-furniture-007-03,1,343.00
item-000000230-02,ord-000000230,var-garden-decor-planters-001-02,1,77.90
item-000000231-01,ord-000000231,var-garden-decor-garden-furniture-007-03,1,343.00
item-000000231-02,ord-000000231,var-garden-decor-planters-001-01,1,77.90
item-000000231-03,ord-000000231,var-garden-decor-planters-008-02,1,73.90
item-000000231-04,ord-000000231,var-garden-decor-planters-008-03,1,73.90
item-000000232-01,ord-000000232,var-garden-decor-outdoor-lighting-005-01,1,28.90
item-000000233-01,ord-000000233,var-garden-decor-planters-012-01,1,42.90
item-000000234-01,ord-000000234,var-garden-decor-garden-furniture-003-03,1,287.00
item-000000235-01,ord-000000235,var-garden-decor-planters-003-02,1,77.90
item-000000235-02,ord-000000235,var-garden-decor-planters-009-02,1,19.90
item-000000236-01,ord-000000236,var-garden-decor-garden-furniture-002-03,1,589.00
item-000000236-02,ord-000000236,var-garden-decor-planters-010-02,1,72.90
item-000000237-01,ord-000000237,var-garden-decor-garden-furniture-004-03,1,167.00
item-000000237-02,ord-000000237,var-garden-decor-outdoor-lighting-007-03,1,165.00
item-000000238-01,ord-000000238,var-garden-decor-planters-012-02,1,42.90
item-000000239-01,ord-000000239,var-garden-decor-planters-011-03,1,28.90
item-000000240-01,ord-000000240,var-garden-decor-planters-005-01,1,26.90
item-000000240-02,ord-000000240,var-garden-decor-planters-006-02,1,62.90
item-000000241-01,ord-000000241,var-garden-decor-garden-furniture-001-02,1,479.00
item-000000242-01,ord-000000242,var-garden-decor-planters-010-03,1,72.90
item-000000243-01,ord-000000243,var-garden-decor-planters-004-01,1,60.90
item-000000244-01,ord-000000244,var-garden-decor-outdoor-lighting-008-02,1,133.00
item-000000244-02,ord-000000244,var-garden-decor-planters-003-02,1,77.90
item-000000245-01,ord-000000245,var-garden-decor-planters-009-01,1,19.90
item-000000246-01,ord-000000246,var-garden-decor-planters-009-02,1,19.90
item-000000247-01,ord-000000247,var-garden-decor-planters-008-03,1,73.90
item-000000248-01,ord-000000248,var-garden-decor-outdoor-lighting-001-03,1,68.90
item-000000248-02,ord-000000248,var-garden-decor-outdoor-lighting-002-01,1,44.90
item-000000248-03,ord-000000248,var-garden-decor-outdoor-lighting-006-01,1,133.00
item-000000248-04,ord-000000248,var-garden-decor-outdoor-lighting-006-02,1,133.00
item-000000248-05,ord-000000248,var-garden-decor-planters-011-01,1,28.90
item-000000249-01,ord-000000249,var-garden-decor-garden-furniture-005-02,1,288.00
item-000000249-02,ord-000000249,var-garden-decor-outdoor-lighting-011-01,1,77.90
item-000000249-03,ord-000000249,var-garden-decor-outdoor-lighting-012-01,1,166.00
item-000000250-01,ord-000000250,var-garden-decor-garden-furniture-002-01,1,589.00
item-000000251-01,ord-000000251,var-garden-decor-planters-009-01,1,19.90
item-000000252-01,ord-000000252,var-garden-decor-garden-furniture-011-01,1,560.00
item-000000252-02,ord-000000252,var-garden-decor-outdoor-lighting-006-02,1,133.00
item-000000252-03,ord-000000252,var-garden-decor-planters-003-03,1,77.90
item-000000253-01,ord-000000253,var-garden-decor-outdoor-lighting-006-01,1,133.00
item-000000254-01,ord-000000254,var-garden-decor-planters-011-03,1,28.90
item-000000255-01,ord-000000255,var-garden-decor-outdoor-lighting-005-01,1,28.90
item-000000256-01,ord-000000256,var-garden-decor-outdoor-lighting-002-02,1,44.90
item-000000256-02,ord-000000256,var-garden-decor-planters-001-02,1,77.90
item-000000257-01,ord-000000257,var-garden-decor-garden-furniture-004-01,1,167.00
item-000000257-02,ord-000000257,var-garden-decor-garden-furniture-010-01,1,257.00
item-000000257-03,ord-000000257,var-garden-decor-planters-005-02,1,26.90
item-000000257-04,ord-000000257,var-garden-decor-planters-011-02,1,28.90
item-000000258-01,ord-000000258,var-garden-decor-outdoor-lighting-002-02,1,44.90
item-000000258-02,ord-000000258,var-garden-decor-planters-009-02,1,19.90
item-000000259-01,ord-000000259,var-garden-decor-garden-furniture-010-03,1,257.00
item-000000259-02,ord-000000259,var-garden-decor-outdoor-lighting-012-01,1,166.00
item-000000259-03,ord-000000259,var-garden-decor-planters-010-03,1,72.90
item-000000260-01,ord-000000260,var-garden-decor-outdoor-lighting-003-02,1,179.00
item-000000260-02,ord-000000260,var-garden-decor-outdoor-lighting-003-03,1,179.00
item-000000260-03,ord-000000260,var-garden-decor-planters-004-02,1,60.90
item-000000261-01,ord-000000261,var-garden-decor-planters-001-01,1,77.90
item-000000262-01,ord-000000262,var-garden-decor-outdoor-lighting-008-02,1,133.00
item-000000262-02,ord-000000262,var-garden-decor-planters-002-01,1,119.00
item-000000262-03,ord-000000262,var-garden-decor-planters-004-03,1,60.90
item-000000263-01,ord-000000263,var-garden-decor-garden-furniture-006-03,1,291.00
item-000000263-02,ord-000000263,var-garden-decor-planters-003-03,1,77.90
item-000000264-01,ord-000000264,var-garden-decor-garden-furniture-009-01,1,171.00
item-000000265-01,ord-000000265,var-garden-decor-garden-furniture-010-03,1,257.00
item-000000265-02,ord-000000265,var-garden-decor-outdoor-lighting-009-03,1,83.90
item-000000266-01,ord-000000266,var-garden-decor-garden-furniture-002-01,1,589.00
item-000000267-01,ord-000000267,var-garden-decor-planters-004-01,1,60.90
item-000000267-02,ord-000000267,var-garden-decor-planters-010-01,1,72.90
item-000000267-03,ord-000000267,var-garden-decor-planters-011-03,1,28.90
item-000000268-01,ord-000000268,var-garden-decor-planters-001-01,1,77.90
item-000000269-01,ord-000000269,var-garden-decor-planters-010-01,1,72.90
item-000000270-01,ord-000000270,var-garden-decor-outdoor-lighting-011-01,1,77.90
item-000000270-02,ord-000000270,var-garden-decor-outdoor-lighting-011-02,1,77.90
item-000000270-03,ord-000000270,var-garden-decor-planters-003-03,1,77.90
item-000000271-01,ord-000000271,var-garden-decor-planters-004-02,1,60.90
item-000000272-01,ord-000000272,var-garden-decor-outdoor-lighting-003-03,1,179.00
item-000000273-01,ord-000000273,var-garden-decor-outdoor-lighting-003-03,1,179.00
item-000000274-01,ord-000000274,var-garden-decor-garden-furniture-001-01,1,479.00
item-000000275-01,ord-000000275,var-garden-decor-garden-furniture-001-02,1,479.00
item-000000275-02,ord-000000275,var-garden-decor-garden-furniture-007-01,1,343.00
item-000000275-03,ord-000000275,var-garden-decor-planters-008-02,1,73.90
item-000000276-01,ord-000000276,var-garden-decor-outdoor-lighting-005-03,1,28.90
item-000000276-02,ord-000000276,var-garden-decor-planters-008-03,1,73.90
item-000000277-01,ord-000000277,var-garden-decor-planters-001-02,1,77.90
item-000000277-02,ord-000000277,var-garden-decor-planters-001-03,1,77.90
item-000000277-03,ord-000000277,var-garden-decor-planters-008-01,1,73.90
item-000000278-01,ord-000000278,var-garden-decor-outdoor-lighting-008-02,1,133.00
item-000000278-02,ord-000000278,var-garden-decor-planters-001-01,1,77.90
item-000000278-03,ord-000000278,var-garden-decor-planters-004-03,1,60.90
item-000000279-01,ord-000000279,var-garden-decor-outdoor-lighting-008-01,1,133.00
item-000000280-01,ord-000000280,var-garden-decor-outdoor-lighting-008-01,1,133.00
item-000000281-01,ord-000000281,var-garden-decor-planters-003-01,1,77.90
item-000000281-02,ord-000000281,var-garden-decor-planters-009-02,1,19.90
item-000000282-01,ord-000000282,var-garden-decor-planters-004-03,1,60.90
item-000000283-01,ord-000000283,var-garden-decor-outdoor-lighting-002-01,1,44.90
item-000000284-01,ord-000000284,var-garden-decor-outdoor-lighting-001-03,1,68.90
item-000000284-02,ord-000000284,var-garden-decor-planters-009-01,1,19.90
item-000000285-01,ord-000000285,var-garden-decor-outdoor-lighting-005-02,1,28.90
item-000000285-02,ord-000000285,var-garden-decor-planters-009-03,1,19.90
item-000000286-01,ord-000000286,var-garden-decor-planters-004-03,1,60.90
item-000000287-01,ord-000000287,var-garden-decor-garden-furniture-010-03,1,257.00
item-000000288-01,ord-000000288,var-garden-decor-planters-011-01,1,28.90
item-000000289-01,ord-000000289,var-garden-decor-outdoor-lighting-004-02,1,151.00
item-000000289-02,ord-000000289,var-garden-decor-outdoor-lighting-010-02,1,119.00
item-000000290-01,ord-000000290,var-garden-decor-outdoor-lighting-005-02,1,28.90
item-000000290-02,ord-000000290,var-garden-decor-planters-002-03,1,119.00
item-000000291-01,ord-000000291,var-garden-decor-garden-furniture-004-02,1,167.00
item-000000291-02,ord-000000291,var-garden-decor-planters-006-03,1,62.90
item-000000292-01,ord-000000292,var-garden-decor-planters-009-01,1,19.90
item-000000293-01,ord-000000293,var-garden-decor-garden-furniture-002-03,1,589.00
item-000000293-02,ord-000000293,var-garden-decor-outdoor-lighting-006-02,1,133.00
item-000000293-03,ord-000000293,var-garden-decor-planters-006-01,1,62.90
item-000000294-01,ord-000000294,var-garden-decor-outdoor-lighting-008-01,1,133.00
item-000000295-01,ord-000000295,var-garden-decor-planters-003-03,1,77.90
item-000000295-02,ord-000000295,var-garden-decor-planters-012-02,1,42.90
item-000000296-01,ord-000000296,var-garden-decor-planters-005-03,1,26.90
item-000000297-01,ord-000000297,var-garden-decor-garden-furniture-005-03,1,288.00
item-000000298-01,ord-000000298,var-garden-decor-planters-009-03,1,19.90
item-000000299-01,ord-000000299,var-garden-decor-outdoor-lighting-005-01,1,28.90
item-000000299-02,ord-000000299,var-garden-decor-planters-001-03,1,77.90
item-000000300-01,ord-000000300,var-garden-decor-garden-furniture-012-02,1,469.00
item-000000300-02,ord-000000300,var-garden-decor-outdoor-lighting-004-01,1,151.00
item-000000301-01,ord-000000301,var-garden-decor-garden-furniture-008-02,1,209.00
item-000000301-02,ord-000000301,var-garden-decor-planters-003-02,1,77.90
item-000000301-03,ord-000000301,var-garden-decor-planters-012-01,1,42.90
item-000000302-01,ord-000000302,var-garden-decor-planters-006-02,1,62.90
item-000000303-01,ord-000000303,var-garden-decor-outdoor-lighting-009-01,1,83.90
item-000000303-02,ord-000000303,var-garden-decor-planters-004-02,1,60.90
item-000000304-01,ord-000000304,var-garden-decor-planters-012-01,1,42.90
item-000000305-01,ord-000000305,var-garden-decor-outdoor-lighting-001-01,1,68.90
item-000000305-02,ord-000000305,var-garden-decor-outdoor-lighting-001-02,1,68.90
item-000000306-01,ord-000000306,var-garden-decor-planters-001-03,1,77.90
item-000000307-01,ord-000000307,var-garden-decor-garden-furniture-009-01,1,171.00
item-000000307-02,ord-000000307,var-garden-decor-outdoor-lighting-001-01,1,68.90
item-000000308-01,ord-000000308,var-garden-decor-planters-005-02,1,26.90
item-000000309-01,ord-000000309,var-garden-decor-garden-furniture-009-03,1,171.00
item-000000309-02,ord-000000309,var-garden-decor-planters-012-01,1,42.90
item-000000310-01,ord-000000310,var-garden-decor-outdoor-lighting-005-01,1,28.90
item-000000310-02,ord-000000310,var-garden-decor-planters-002-01,1,119.00
item-000000310-03,ord-000000310,var-garden-decor-planters-004-02,1,60.90
item-000000311-01,ord-000000311,var-garden-decor-planters-004-01,1,60.90
item-000000312-01,ord-000000312,var-garden-decor-planters-001-02,1,77.90
item-000000313-01,ord-000000313,var-garden-decor-outdoor-lighting-007-01,1,165.00
item-000000314-01,ord-000000314,var-garden-decor-outdoor-lighting-011-02,1,77.90
item-000000314-02,ord-000000314,var-garden-decor-planters-012-01,1,42.90
item-000000315-01,ord-000000315,var-garden-decor-garden-furniture-007-03,1,343.00
item-000000315-02,ord-000000315,var-garden-decor-planters-009-03,1,19.90
item-000000316-01,ord-000000316,var-garden-decor-garden-furniture-001-02,1,479.00
item-000000316-02,ord-000000316,var-garden-decor-planters-005-01,1,26.90
item-000000317-01,ord-000000317,var-garden-decor-planters-006-02,1,62.90
item-000000318-01,ord-000000318,var-garden-decor-garden-furniture-012-02,1,469.00
item-000000318-02,ord-000000318,var-garden-decor-outdoor-lighting-006-02,1,133.00
item-000000318-03,ord-000000318,var-garden-decor-planters-009-01,1,19.90
item-000000319-01,ord-000000319,var-garden-decor-planters-003-01,1,77.90
item-000000319-02,ord-000000319,var-garden-decor-planters-007-02,1,65.90
item-000000319-03,ord-000000319,var-garden-decor-planters-010-02,1,72.90
item-000000320-01,ord-000000320,var-garden-decor-garden-furniture-007-02,1,343.00
item-000000320-02,ord-000000320,var-garden-decor-garden-furniture-008-02,1,209.00
item-000000320-03,ord-000000320,var-garden-decor-outdoor-lighting-001-02,1,68.90
item-000000320-04,ord-000000320,var-garden-decor-outdoor-lighting-011-01,1,77.90
item-000000320-05,ord-000000320,var-garden-decor-planters-001-01,1,77.90
item-000000320-06,ord-000000320,var-garden-decor-planters-005-01,1,26.90
item-000000321-01,ord-000000321,var-garden-decor-garden-furniture-004-02,1,167.00
item-000000321-02,ord-000000321,var-garden-decor-planters-009-02,1,19.90
item-000000322-01,ord-000000322,var-garden-decor-garden-furniture-006-02,1,291.00
item-000000323-01,ord-000000323,var-garden-decor-outdoor-lighting-002-01,1,44.90
item-000000323-02,ord-000000323,var-garden-decor-outdoor-lighting-011-01,1,77.90
item-000000324-01,ord-000000324,var-garden-decor-planters-004-02,1,60.90
item-000000325-01,ord-000000325,var-garden-decor-outdoor-lighting-010-02,1,119.00
item-000000325-02,ord-000000325,var-garden-decor-planters-010-01,1,72.90
item-000000326-01,ord-000000326,var-garden-decor-planters-008-02,1,73.90
item-000000327-01,ord-000000327,var-garden-decor-outdoor-lighting-005-02,1,28.90
item-000000327-02,ord-000000327,var-garden-decor-outdoor-lighting-010-02,1,119.00
item-000000327-03,ord-000000327,var-garden-decor-planters-005-01,1,26.90
item-000000327-04,ord-000000327,var-garden-decor-planters-008-01,1,73.90
item-000000328-01,ord-000000328,var-garden-decor-garden-furniture-009-03,1,171.00
item-000000328-02,ord-000000328,var-garden-decor-outdoor-lighting-012-02,1,166.00
item-000000329-01,ord-000000329,var-garden-decor-planters-006-03,1,62.90
item-000000330-01,ord-000000330,var-garden-decor-garden-furniture-006-02,1,291.00
item-000000331-01,ord-000000331,var-garden-decor-outdoor-lighting-010-02,1,119.00
item-000000331-02,ord-000000331,var-garden-decor-planters-004-03,1,60.90
item-000000332-01,ord-000000332,var-garden-decor-planters-002-02,1,119.00
item-000000333-01,ord-000000333,var-garden-decor-outdoor-lighting-001-03,1,68.90
item-000000334-01,ord-000000334,var-garden-decor-outdoor-lighting-005-02,1,28.90
item-000000334-02,ord-000000334,var-garden-decor-outdoor-lighting-005-03,1,28.90
item-000000335-01,ord-000000335,var-garden-decor-outdoor-lighting-007-01,1,165.00
item-000000335-02,ord-000000335,var-garden-decor-planters-001-02,1,77.90
item-000000336-01,ord-000000336,var-garden-decor-planters-005-02,1,26.90
item-000000337-01,ord-000000337,var-garden-decor-garden-furniture-003-01,1,287.00
item-000000338-01,ord-000000338,var-garden-decor-garden-furniture-008-03,1,209.00
item-000000339-01,ord-000000339,var-garden-decor-outdoor-lighting-007-03,1,165.00
item-000000339-02,ord-000000339,var-garden-decor-planters-004-02,1,60.90
item-000000340-01,ord-000000340,var-garden-decor-planters-011-01,1,28.90
item-000000340-02,ord-000000340,var-garden-decor-planters-012-01,1,42.90
item-000000341-01,ord-000000341,var-garden-decor-planters-005-01,1,26.90
item-000000341-02,ord-000000341,var-garden-decor-planters-009-02,1,19.90
item-000000342-01,ord-000000342,var-garden-decor-garden-furniture-006-02,1,291.00
item-000000343-01,ord-000000343,var-garden-decor-outdoor-lighting-005-03,1,28.90
item-000000344-01,ord-000000344,var-garden-decor-outdoor-lighting-010-02,1,119.00
item-000000344-02,ord-000000344,var-garden-decor-planters-011-02,1,28.90
item-000000345-01,ord-000000345,var-garden-decor-garden-furniture-006-02,1,291.00
item-000000346-01,ord-000000346,var-garden-decor-outdoor-lighting-003-03,1,179.00
item-000000346-02,ord-000000346,var-garden-decor-outdoor-lighting-011-02,1,77.90
item-000000347-01,ord-000000347,var-garden-decor-outdoor-lighting-011-01,1,77.90
item-000000348-01,ord-000000348,var-garden-decor-outdoor-lighting-001-03,1,68.90
item-000000348-02,ord-000000348,var-garden-decor-planters-008-01,1,73.90
item-000000349-01,ord-000000349,var-garden-decor-outdoor-lighting-004-01,1,151.00
item-000000349-02,ord-000000349,var-garden-decor-planters-007-02,1,65.90
item-000000350-01,ord-000000350,var-garden-decor-planters-009-03,1,19.90
item-000000351-01,ord-000000351,var-garden-decor-outdoor-lighting-011-02,1,77.90
item-000000351-02,ord-000000351,var-garden-decor-outdoor-lighting-011-03,1,77.90
item-000000351-03,ord-000000351,var-garden-decor-planters-008-02,1,73.90
item-000000352-01,ord-000000352,var-garden-decor-outdoor-lighting-011-02,1,77.90
item-000000352-02,ord-000000352,var-garden-decor-planters-012-01,1,42.90
item-000000353-01,ord-000000353,var-garden-decor-planters-009-03,1,19.90
item-000000354-01,ord-000000354,var-garden-decor-garden-furniture-005-03,1,288.00
item-000000354-02,ord-000000354,var-garden-decor-planters-009-03,1,19.90
item-000000354-03,ord-000000354,var-garden-decor-planters-012-02,1,42.90
item-000000355-01,ord-000000355,var-garden-decor-outdoor-lighting-005-03,1,28.90
item-000000355-02,ord-000000355,var-garden-decor-planters-006-03,1,62.90
item-000000356-01,ord-000000356,var-garden-decor-outdoor-lighting-009-02,1,83.90
item-000000357-01,ord-000000357,var-garden-decor-outdoor-lighting-001-02,1,68.90
item-000000357-02,ord-000000357,var-garden-decor-planters-005-02,1,26.90
item-000000358-01,ord-000000358,var-garden-decor-planters-008-02,1,73.90
item-000000359-01,ord-000000359,var-garden-decor-outdoor-lighting-009-01,1,83.90
item-000000360-01,ord-000000360,var-garden-decor-planters-012-03,1,42.90
item-000000361-01,ord-000000361,var-garden-decor-garden-furniture-004-03,1,167.00
item-000000361-02,ord-000000361,var-garden-decor-planters-012-03,1,42.90
item-000000362-01,ord-000000362,var-garden-decor-outdoor-lighting-009-02,1,83.90
item-000000363-01,ord-000000363,var-garden-decor-garden-furniture-007-03,1,343.00
item-000000363-02,ord-000000363,var-garden-decor-planters-005-03,1,26.90
item-000000364-01,ord-000000364,var-garden-decor-garden-furniture-005-01,1,288.00
item-000000364-02,ord-000000364,var-garden-decor-outdoor-lighting-007-03,1,165.00
item-000000365-01,ord-000000365,var-garden-decor-outdoor-lighting-004-01,1,151.00
item-000000366-01,ord-000000366,var-garden-decor-outdoor-lighting-012-01,1,166.00
item-000000366-02,ord-000000366,var-garden-decor-planters-007-02,1,65.90
item-000000367-01,ord-000000367,var-garden-decor-planters-006-02,1,62.90
item-000000367-02,ord-000000367,var-garden-decor-planters-008-01,1,73.90
item-000000367-03,ord-000000367,var-garden-decor-planters-009-02,1,19.90
item-000000368-01,ord-000000368,var-garden-decor-planters-001-02,1,77.90
item-000000369-01,ord-000000369,var-garden-decor-garden-furniture-003-02,1,287.00
item-000000370-01,ord-000000370,var-garden-decor-garden-furniture-002-03,1,589.00
item-000000370-02,ord-000000370,var-garden-decor-outdoor-lighting-011-02,1,77.90
item-000000371-01,ord-000000371,var-garden-decor-garden-furniture-003-01,1,287.00
item-000000371-02,ord-000000371,var-garden-decor-planters-006-02,1,62.90
item-000000372-01,ord-000000372,var-garden-decor-outdoor-lighting-005-01,1,28.90
item-000000373-01,ord-000000373,var-garden-decor-garden-furniture-004-01,1,167.00
item-000000373-02,ord-000000373,var-garden-decor-planters-008-02,1,73.90
item-000000374-01,ord-000000374,var-garden-decor-outdoor-lighting-011-01,1,77.90
item-000000374-02,ord-000000374,var-garden-decor-planters-003-02,1,77.90
item-000000375-01,ord-000000375,var-garden-decor-outdoor-lighting-002-01,1,44.90
item-000000376-01,ord-000000376,var-garden-decor-garden-furniture-006-03,1,291.00
item-000000377-01,ord-000000377,var-garden-decor-garden-furniture-011-03,1,560.00
item-000000378-01,ord-000000378,var-garden-decor-planters-002-02,1,119.00
item-000000378-02,ord-000000378,var-garden-decor-planters-006-01,1,62.90
item-000000378-03,ord-000000378,var-garden-decor-planters-008-02,1,73.90
